time,voltage,current,power,inputVoltage,temperature,outputEnable,protectionState,activeSlot
2026-07-25T01:02:20,4.21,0.0,0.0,15.09,47.0,true,0,0
2026-07-25T01:02:20,4.21,0.0,0.0,15.09,47.0,true,0,0
2026-07-25T01:02:20,4.21,0.0,0.0,15.09,47.0,true,0,0
2026-07-25T01:02:21,4.21,0.0,0.0,15.09,47.0,true,0,0
2026-07-25T01:02:21,4.21,0.0,0.0,15.09,47.0,true,0,0
2026-07-25T01:02:21,4.21,0.0,0.0,15.09,47.0,true,0,0
2026-07-25T01:02:21,4.21,0.0,0.0,15.09,47.0,true,0,0
2026-07-25T01:02:21,4.21,0.0,0.0,15.09,47.0,true,0,0
2026-07-25T01:02:21,4.21,0.0,0.0,15.09,47.0,true,0,0
2026-07-25T01:02:22,4.21,0.0,0.0,15.09,47.0,true,0,0
2026-07-25T01:02:22,4.21,0.0,0.0,15.09,47.0,true,0,0
2026-07-25T01:02:22,4.21,0.0,0.0,15.09,47.0,true,0,0
2026-07-25T01:02:22,4.21,0.0,0.0,15.09,47.0,true,0,0
2026-07-25T01:02:22,4.21,0.0,0.0,15.09,47.0,true,0,0
2026-07-25T01:02:22,4.21,0.0,0.0,15.09,47.0,true,0,0
2026-07-25T01:02:22,4.21,0.0,0.0,15.09,47.0,true,0,0
2026-07-25T01:02:23,4.21,0.0,0.0,15.09,47.0,true,0,0
2026-07-25T01:02:23,4.21,0.0,0.0,15.09,47.0,true,0,0
2026-07-25T01:02:23,4.21,0.0,0.0,15.09,47.0,true,0,0
2026-07-25T01:02:23,4.21,0.0,0.0,15.09,47.0,true,0,0
2026-07-25T01:02:23,4.21,0.0,0.0,15.09,47.0,true,0,0
2026-07-25T01:02:23,4.21,0.0,0.0,15.09,47.0,true,0,0
2026-07-25T01:02:24,4.21,0.0,0.0,15.09,47.0,true,0,0
2026-07-25T01:02:24,4.21,0.0,0.0,15.09,47.0,true,0,0
2026-07-25T01:02:24,4.21,0.0,0.0,15.09,47.0,true,0,0
2026-07-25T01:02:24,4.21,0.0,0.0,15.09,47.0,true,0,0
2026-07-25T01:02:24,4.21,0.0,0.0,15.09,47.0,true,0,0
2026-07-25T01:02:24,4.21,0.0,0.0,15.09,47.0,true,0,0
2026-07-25T01:02:25,4.21,0.0,0.0,15.09,47.0,true,0,0
2026-07-25T01:02:25,4.21,0.0,0.0,15.09,47.0,true,0,0
2026-07-25T01:02:25,4.21,0.0,0.0,15.09,47.0,true,0,0
2026-07-25T01:02:25,4.21,0.0,0.0,15.09,47.0,true,0,0
2026-07-25T01:02:25,4.21,0.0,0.0,15.09,47.0,true,0,0
2026-07-25T01:02:25,4.21,0.0,0.0,15.09,47.0,true,0,0
2026-07-25T01:02:25,4.21,0.0,0.0,15.09,47.0,true,0,0
2026-07-25T01:02:26,4.21,0.0,0.0,15.09,47.0,true,0,0
2026-07-25T01:02:26,4.21,0.0,0.0,15.09,47.0,true,0,0
2026-07-25T01:02:26,4.21,0.0,0.0,15.09,47.0,true,0,0
2026-07-25T01:02:26,4.21,0.0,0.0,15.09,47.0,true,0,0
2026-07-25T01:02:26,4.21,0.0,0.0,15.09,47.0,true,0,0
2026-07-25T01:02:26,4.21,0.0,0.0,15.09,47.0,true,0,0
2026-07-25T01:02:27,4.21,0.0,0.0,15.09,47.0,true,0,0
2026-07-25T01:02:27,4.21,0.0,0.0,15.09,47.0,true,0,0
2026-07-25T01:02:27,4.21,0.0,0.0,15.09,47.0,true,0,0
2026-07-25T01:02:27,4.21,0.0,0.0,15.09,47.0,true,0,0
2026-07-25T01:02:27,4.21,0.0,0.0,15.09,47.0,true,0,0
2026-07-25T01:02:27,4.21,0.0,0.0,15.09,47.0,true,0,0
2026-07-25T01:02:27,4.21,0.0,0.0,15.09,47.0,true,0,0
2026-07-25T01:02:28,4.21,0.0,0.0,15.09,47.0,true,0,0
2026-07-25T01:02:28,4.21,0.0,0.0,15.09,47.0,true,0,0
2026-07-25T01:02:28,4.21,0.0,0.0,15.09,47.0,true,0,0
2026-07-25T01:02:28,4.21,0.0,0.0,15.09,47.0,true,0,0
2026-07-25T01:02:28,4.21,0.0,0.0,15.09,47.0,true,0,0
2026-07-25T01:02:28,4.21,0.0,0.0,15.09,47.0,true,0,0
2026-07-25T01:02:29,4.21,0.0,0.0,15.09,47.0,true,0,0
2026-07-25T01:02:29,4.21,0.0,0.0,15.09,47.0,true,0,0
2026-07-25T01:02:29,4.21,0.0,0.0,15.09,47.0,true,0,0
2026-07-25T01:02:37,4.21,0.0,0.0,15.09,47.0,true,0,0
2026-07-25T01:02:37,4.21,0.0,0.0,15.09,47.0,true,0,0
2026-07-25T01:02:37,4.21,0.0,0.0,15.09,47.0,true,0,0
2026-07-25T01:02:37,4.21,0.0,0.0,15.09,47.0,true,0,0
2026-07-25T01:02:37,4.21,0.0,0.0,15.09,47.0,true,0,0
2026-07-25T01:02:37,4.21,0.0,0.0,15.09,47.0,true,0,0
2026-07-25T01:02:37,4.21,0.0,0.0,15.09,47.0,true,0,0
2026-07-25T01:02:38,4.21,0.0,0.0,15.09,47.0,true,0,0
2026-07-25T01:02:38,4.21,0.0,0.0,15.09,47.0,true,0,0
2026-07-25T01:02:38,4.21,0.0,0.0,15.09,47.0,true,0,0
2026-07-25T01:02:38,4.21,0.0,0.0,15.09,47.0,true,0,0
2026-07-25T01:02:38,4.21,0.0,0.0,15.09,47.0,true,0,0
2026-07-25T01:02:38,4.21,0.0,0.0,15.09,47.0,true,0,0
2026-07-25T01:02:39,4.21,0.0,0.0,15.09,47.0,true,0,0
2026-07-25T01:02:39,4.21,0.0,0.0,15.09,47.0,true,0,0
2026-07-25T01:02:39,4.21,0.0,0.0,15.09,47.0,true,0,0
2026-07-25T01:02:39,4.21,0.0,0.0,15.09,47.0,true,0,0
2026-07-25T01:02:39,4.21,0.0,0.0,15.09,47.0,true,0,0
2026-07-25T01:02:39,4.21,0.0,0.0,15.09,47.0,true,0,0
2026-07-25T01:02:39,4.21,0.0,0.0,15.09,47.0,true,0,0
2026-07-25T01:02:40,4.21,0.0,0.0,15.09,47.0,true,0,0
2026-07-25T01:02:40,4.21,0.0,0.0,15.09,47.0,true,0,0
2026-07-25T01:02:40,4.21,0.0,0.0,15.09,47.0,true,0,0
2026-07-25T01:02:40,4.21,0.0,0.0,15.09,47.0,true,0,0
2026-07-25T01:02:40,4.21,0.0,0.0,15.09,47.0,true,0,0
2026-07-25T01:02:40,4.21,0.0,0.0,15.09,47.0,true,0,0
2026-07-25T01:02:41,4.21,0.0,0.0,15.09,47.0,true,0,0
2026-07-25T01:02:41,4.21,0.0,0.0,15.09,47.0,true,0,0
2026-07-25T01:02:41,4.21,0.0,0.0,15.09,47.0,true,0,0
2026-07-25T01:02:41,4.21,0.0,0.0,15.09,47.0,true,0,0
2026-07-25T01:02:41,4.21,0.0,0.0,15.09,47.0,true,0,0
2026-07-25T01:02:41,4.21,0.0,0.0,15.09,47.0,true,0,0
2026-07-25T01:02:42,4.21,0.0,0.0,15.09,47.0,true,0,0
2026-07-25T01:02:42,4.21,0.0,0.0,15.09,47.0,true,0,0
2026-07-25T01:02:42,4.21,0.0,0.0,15.09,47.0,true,0,0
2026-07-25T01:02:42,4.21,0.0,0.0,15.09,47.0,true,0,0
2026-07-25T01:02:42,4.21,0.0,0.0,15.09,47.0,true,0,0
2026-07-25T01:02:48,4.21,0.0,0.0,15.09,47.0,true,0,0
2026-07-25T01:02:48,4.21,0.0,0.0,15.09,47.0,true,0,0
2026-07-25T01:02:48,4.21,0.0,0.0,15.09,47.0,true,0,0
2026-07-25T01:02:48,4.21,0.0,0.0,15.09,47.0,true,0,0
2026-07-25T01:02:48,4.21,0.0,0.0,15.09,47.0,true,0,0
2026-07-25T01:02:48,4.21,0.0,0.0,15.09,47.0,true,0,0
2026-07-25T01:02:48,4.21,0.0,0.0,15.09,47.0,true,0,0
2026-07-25T01:02:49,4.21,0.0,0.0,15.09,47.0,true,0,0
2026-07-25T01:02:49,4.21,0.0,0.0,15.09,47.0,true,0,0
2026-07-25T01:02:49,4.21,0.0,0.0,15.09,47.0,true,0,0
2026-07-25T01:02:49,4.21,0.0,0.0,15.09,47.0,true,0,0
2026-07-25T01:02:49,4.21,0.0,0.0,15.09,47.0,true,0,0
2026-07-25T01:02:49,4.21,0.0,0.0,15.09,47.0,true,0,0
2026-07-25T01:02:50,4.21,0.0,0.0,15.09,47.0,true,0,0
2026-07-25T01:02:50,4.21,0.0,0.0,15.09,47.0,true,0,0
2026-07-25T01:02:50,4.21,0.0,0.0,15.09,47.0,true,0,0
2026-07-25T01:02:50,4.21,0.0,0.0,15.09,47.0,true,0,0
2026-07-25T01:02:50,4.21,0.0,0.0,15.09,47.0,true,0,0
2026-07-25T01:02:50,4.21,0.0,0.0,15.09,47.0,true,0,0
2026-07-25T01:02:50,4.21,0.0,0.0,15.09,47.0,true,0,0
2026-07-25T01:02:51,4.21,0.0,0.0,15.09,47.0,true,0,0
2026-07-25T01:02:51,4.21,0.0,0.0,15.09,47.0,true,0,0
2026-07-25T01:02:51,4.21,0.0,0.0,15.09,47.0,true,0,0
2026-07-25T01:02:51,4.21,0.0,0.0,15.09,47.0,true,0,0
2026-07-25T01:02:51,4.21,0.0,0.0,15.09,47.0,true,0,0
2026-07-25T01:02:51,4.21,0.0,0.0,15.09,47.0,true,0,0
2026-07-25T01:02:52,4.21,0.0,0.0,15.09,47.0,true,0,0
2026-07-25T01:02:52,4.21,0.0,0.0,15.09,47.0,true,0,0
2026-07-25T01:02:52,4.21,0.0,0.0,15.09,47.0,true,0,0
2026-07-25T01:02:52,4.21,0.0,0.0,15.09,47.0,true,0,0
2026-07-25T01:02:52,4.21,0.0,0.0,15.09,47.0,true,0,0
2026-07-25T01:02:52,4.21,0.0,0.0,15.09,47.0,true,0,0
2026-07-25T01:02:53,4.21,0.0,0.0,15.09,47.0,true,0,0
2026-07-25T01:02:53,4.21,0.0,0.0,15.09,47.0,true,0,0
2026-07-25T01:02:53,4.21,0.0,0.0,15.09,47.0,true,0,0
2026-07-25T01:02:53,4.21,0.0,0.0,15.09,47.0,true,0,0
2026-07-25T01:02:53,4.21,0.0,0.0,15.09,47.0,true,0,0
2026-07-25T01:02:53,4.21,0.0,0.0,15.09,47.0,true,0,0
2026-07-25T01:02:53,4.21,0.0,0.0,15.09,47.0,true,0,0
2026-07-25T01:02:54,4.21,0.0,0.0,15.09,47.0,true,0,0
2026-07-25T01:02:54,4.21,0.0,0.0,15.09,47.0,true,0,0
2026-07-25T01:02:54,4.21,0.0,0.0,15.09,47.0,true,0,0
2026-07-25T01:02:54,4.21,0.0,0.0,15.09,47.0,true,0,0
2026-07-25T01:02:54,4.21,0.0,0.0,15.09,47.0,true,0,0
2026-07-25T01:02:54,3.58,1.0,3.58,15.08,47.0,true,0,0
2026-07-25T01:02:55,2.96,2.0,5.92,15.08,47.0,true,0,0
2026-07-25T01:02:55,2.96,2.0,5.92,15.08,47.0,true,0,0
2026-07-25T01:02:55,2.96,2.0,5.92,15.08,47.0,true,0,0
2026-07-25T01:02:55,2.93,2.08,6.08,15.08,47.0,true,0,0
2026-07-25T01:02:55,2.93,2.08,6.08,15.08,47.0,true,0,0
2026-07-25T01:02:55,3.56,1.07,3.83,15.08,47.0,true,0,0
2026-07-25T01:02:55,3.55,1.07,3.82,15.08,47.0,true,0,0
2026-07-25T01:02:56,2.96,2.0,5.92,15.08,47.0,true,0,0
2026-07-25T01:02:56,2.96,2.0,5.92,15.08,47.0,true,0,0
2026-07-25T01:02:56,2.96,2.0,5.92,15.08,47.0,true,0,0
2026-07-25T01:02:56,2.36,2.99,7.07,15.07,47.0,true,0,0
2026-07-25T01:02:56,2.36,2.99,7.07,15.07,47.0,true,0,0
2026-07-25T01:02:56,2.98,1.99,5.94,15.07,47.0,true,0,0
2026-07-25T01:02:57,3.6,0.99,3.57,15.08,47.0,true,0,0
2026-07-25T01:02:57,3.6,0.99,3.57,15.08,47.0,true,0,0
2026-07-25T01:02:57,3.6,0.99,3.57,15.08,47.0,true,0,0
2026-07-25T01:02:57,4.21,0.0,0.0,15.08,47.0,true,0,0
2026-07-25T01:02:57,4.21,0.0,0.0,15.08,47.0,true,0,0
2026-07-25T01:02:57,4.21,0.0,0.0,15.08,47.0,true,0,0
2026-07-25T01:02:57,4.21,0.0,0.0,15.08,47.0,true,0,0
2026-07-25T01:02:58,4.21,0.0,0.0,15.08,47.0,true,0,0
2026-07-25T01:02:58,4.21,0.0,0.0,15.08,47.0,true,0,0
2026-07-25T01:02:58,4.21,0.0,0.0,15.08,47.0,true,0,0
2026-07-25T01:02:58,4.17,0.05,0.2,15.09,47.0,true,0,0
2026-07-25T01:02:58,4.17,0.05,0.2,15.09,47.0,true,0,0
2026-07-25T01:02:58,4.17,0.05,0.2,15.09,47.0,true,0,0
2026-07-25T01:02:59,4.17,0.05,0.2,15.09,47.0,true,0,0
2026-07-25T01:02:59,4.17,0.05,0.2,15.09,47.0,true,0,0
2026-07-25T01:02:59,4.17,0.05,0.2,15.09,47.0,true,0,0
2026-07-25T01:02:59,4.21,0.0,0.0,15.09,47.0,true,0,0
2026-07-25T01:02:59,4.21,0.0,0.0,15.09,47.0,true,0,0
2026-07-25T01:02:59,4.21,0.0,0.0,15.09,47.0,true,0,0
2026-07-25T01:02:59,4.21,0.0,0.0,15.09,47.0,true,0,0
2026-07-25T01:03:00,4.21,0.0,0.0,15.09,47.0,true,0,0
2026-07-25T01:03:00,4.21,0.0,0.0,15.09,47.0,true,0,0
2026-07-25T01:03:00,4.21,0.0,0.0,15.09,47.0,true,0,0
2026-07-25T01:03:00,4.21,0.0,0.0,15.09,47.0,true,0,0
2026-07-25T01:03:00,4.21,0.0,0.0,15.09,47.0,true,0,0
2026-07-25T01:03:00,4.21,0.0,0.0,15.09,47.0,true,0,0
2026-07-25T01:03:01,4.21,0.0,0.0,15.09,47.0,true,0,0
2026-07-25T01:03:01,4.21,0.0,0.0,15.09,47.0,true,0,0
2026-07-25T01:03:01,4.21,0.0,0.0,15.09,47.0,true,0,0
2026-07-25T01:03:01,4.21,0.0,0.0,15.09,47.0,true,0,0
2026-07-25T01:03:01,4.21,0.0,0.0,15.09,47.0,true,0,0
2026-07-25T01:03:01,4.21,0.0,0.0,15.09,47.0,true,0,0
2026-07-25T01:03:01,4.21,0.0,0.0,15.09,47.0,true,0,0
2026-07-25T01:03:02,4.21,0.0,0.0,15.09,47.0,true,0,0
2026-07-25T01:03:02,4.21,0.0,0.0,15.09,47.0,true,0,0
2026-07-25T01:03:02,4.21,0.0,0.0,15.09,47.0,true,0,0
2026-07-25T01:03:02,4.21,0.0,0.0,15.09,47.0,true,0,0
2026-07-25T01:03:02,3.58,1.0,3.58,15.08,47.0,true,0,0
2026-07-25T01:03:02,3.58,1.0,3.58,15.08,47.0,true,0,0
2026-07-25T01:03:03,3.58,1.0,3.58,15.08,47.0,true,0,0
2026-07-25T01:03:03,3.58,1.0,3.58,15.08,47.0,true,0,0
2026-07-25T01:03:03,3.58,1.0,3.58,15.08,47.0,true,0,0
2026-07-25T01:03:03,3.47,1.18,4.09,15.08,47.0,true,0,0
2026-07-25T01:03:03,3.48,1.18,4.1,15.08,47.0,true,0,0
2026-07-25T01:03:03,3.48,1.18,4.1,15.08,47.0,true,0,0
2026-07-25T01:03:03,3.48,1.18,4.1,15.08,47.0,true,0,0
2026-07-25T01:03:04,3.48,1.18,4.1,15.08,47.0,true,0,0
2026-07-25T01:03:04,3.48,1.18,4.1,15.08,47.0,true,0,0
2026-07-25T01:03:04,2.36,3.0,7.08,15.07,47.0,true,0,0
2026-07-25T01:03:04,2.33,3.0,6.99,15.07,47.0,true,0,0
2026-07-25T01:03:04,1.76,3.96,6.97,15.06,47.0,true,0,0
2026-07-25T01:03:04,1.14,4.96,5.65,15.06,47.0,true,0,0
2026-07-25T01:03:05,0.51,5.96,3.04,15.05,47.0,true,0,0
2026-07-25T01:03:05,0.51,5.96,3.04,15.05,47.0,true,0,0
2026-07-25T01:03:05,0.51,5.96,3.04,15.05,47.0,true,0,0
2026-07-25T01:03:05,0.5,5.96,2.98,15.05,47.0,true,0,0
2026-07-25T01:03:05,0.43,6.0,2.58,15.05,47.0,true,0,0
2026-07-25T01:03:05,0.41,6.0,2.46,15.05,47.0,true,0,0
2026-07-25T01:03:06,0.41,6.0,2.46,15.05,47.0,true,0,0
2026-07-25T01:03:06,0.41,6.0,2.46,15.05,47.0,true,0,0
2026-07-25T01:03:06,0.41,6.0,2.46,15.05,47.0,true,0,0
2026-07-25T01:03:06,1.04,5.06,5.26,15.05,47.0,true,0,0
2026-07-25T01:03:06,1.05,5.06,5.31,15.05,47.0,true,0,0
2026-07-25T01:03:06,1.06,5.06,5.36,15.05,47.0,true,0,0
2026-07-25T01:03:06,1.05,5.06,5.31,15.05,47.0,true,0,0
2026-07-25T01:03:07,0.54,5.81,3.14,15.05,47.0,true,0,0
2026-07-25T01:03:07,0.54,5.81,3.14,15.05,47.0,true,0,0
2026-07-25T01:03:07,0.54,5.81,3.14,15.05,47.0,true,0,0
2026-07-25T01:03:07,0.82,5.38,4.41,15.05,47.0,true,0,0
2026-07-25T01:03:07,1.45,4.38,6.35,15.06,48.0,true,0,0
2026-07-25T01:03:07,1.45,4.38,6.35,15.06,48.0,true,0,0
2026-07-25T01:03:08,1.87,3.71,6.94,15.06,48.0,true,0,0
2026-07-25T01:03:08,1.87,3.71,6.94,15.06,48.0,true,0,0
2026-07-25T01:03:08,1.87,3.71,6.94,15.06,48.0,true,0,0
2026-07-25T01:03:08,2.72,2.33,6.35,15.07,48.0,true,0,0
2026-07-25T01:03:08,2.09,3.33,6.97,15.06,48.0,true,0,0
2026-07-25T01:03:08,2.71,2.33,6.33,15.07,48.0,true,0,0
2026-07-25T01:03:08,2.94,2.0,5.88,15.07,48.0,true,0,0
2026-07-25T01:03:09,2.94,2.0,5.88,15.07,48.0,true,0,0
2026-07-25T01:03:09,2.94,2.0,5.88,15.07,48.0,true,0,0
2026-07-25T01:03:09,3.58,1.0,3.58,15.07,48.0,true,0,0
2026-07-25T01:03:09,4.21,0.0,0.0,15.08,48.0,true,0,0
2026-07-25T01:03:09,3.97,0.42,1.66,15.07,48.0,true,0,0
2026-07-25T01:03:09,3.34,1.42,4.74,15.07,48.0,true,0,0
2026-07-25T01:03:10,2.81,2.3,6.45,15.07,48.0,true,0,0
2026-07-25T01:03:10,2.81,2.3,6.45,15.07,48.0,true,0,0
2026-07-25T01:03:10,2.81,2.3,6.45,15.07,48.0,true,0,0
2026-07-25T01:03:10,2.76,2.37,6.54,15.07,48.0,true,0,0
2026-07-25T01:03:10,3.0,1.95,5.85,15.07,48.0,true,0,0
2026-07-25T01:03:10,3.4,1.35,4.59,15.07,48.0,true,0,0
2026-07-25T01:03:10,3.93,0.47,1.86,15.07,48.0,true,0,0
2026-07-25T01:03:11,3.98,0.4,1.6,15.07,48.0,true,0,0
2026-07-25T01:03:11,3.98,0.4,1.6,15.07,48.0,true,0,0
2026-07-25T01:03:11,3.98,0.4,1.6,15.07,48.0,true,0,0
2026-07-25T01:03:11,3.98,0.4,1.6,15.08,48.0,true,0,0
2026-07-25T01:03:11,3.58,1.0,3.58,15.07,48.0,true,0,0
2026-07-25T01:03:11,3.58,1.0,3.58,15.07,48.0,true,0,0
2026-07-25T01:03:12,3.56,1.03,3.67,15.07,48.0,true,0,0
2026-07-25T01:03:12,3.56,1.03,3.67,15.07,48.0,true,0,0
2026-07-25T01:03:12,3.56,1.03,3.67,15.07,48.0,true,0,0
2026-07-25T01:03:12,2.85,2.16,6.16,15.07,48.0,true,0,0
2026-07-25T01:03:12,3.48,1.16,4.04,15.07,48.0,true,0,0
2026-07-25T01:03:12,3.48,1.16,4.04,15.07,48.0,true,0,0
2026-07-25T01:03:12,3.5,1.13,3.96,15.07,48.0,true,0,0
2026-07-25T01:03:13,3.5,1.13,3.96,15.07,48.0,true,0,0
2026-07-25T01:03:13,3.5,1.13,3.96,15.07,48.0,true,0,0
2026-07-25T01:03:13,4.07,0.26,1.04,15.07,48.0,true,0,0
2026-07-25T01:03:13,3.76,0.79,2.96,15.07,48.0,true,0,0
2026-07-25T01:03:13,3.14,1.79,5.61,15.07,48.0,true,0,0
2026-07-25T01:03:13,3.14,1.79,5.61,15.07,48.0,true,0,0
2026-07-25T01:03:14,3.14,1.79,5.61,15.07,48.0,true,0,0
2026-07-25T01:03:14,3.14,1.79,5.61,15.07,48.0,true,0,0
2026-07-25T01:03:14,3.14,1.79,5.61,15.07,48.0,true,0,0
2026-07-25T01:03:14,3.59,1.0,3.59,15.07,48.0,true,0,0
2026-07-25T01:03:14,3.86,0.61,2.34,15.07,48.0,true,0,0
2026-07-25T01:03:14,3.23,1.61,5.19,15.07,48.0,true,0,0
2026-07-25T01:03:14,2.6,2.61,6.78,15.06,48.0,true,0,0
2026-07-25T01:03:15,2.6,2.61,6.78,15.06,48.0,true,0,0
2026-07-25T01:03:15,2.6,2.61,6.78,15.06,48.0,true,0,0
2026-07-25T01:03:15,2.47,2.85,7.04,15.06,48.0,true,0,0
2026-07-25T01:03:15,2.6,2.63,6.85,15.06,48.0,true,0,0
2026-07-25T01:03:15,3.08,1.9,5.85,15.07,48.0,true,0,0
2026-07-25T01:03:15,3.59,1.13,4.06,15.07,48.0,true,0,0
2026-07-25T01:03:16,2.97,2.13,6.33,15.06,48.0,true,0,0
2026-07-25T01:03:16,2.97,2.13,6.33,15.06,48.0,true,0,0
2026-07-25T01:03:16,2.97,2.13,6.33,15.06,48.0,true,0,0
2026-07-25T01:03:16,2.68,2.5,6.7,15.06,48.0,true,0,0
2026-07-25T01:03:16,2.83,2.23,6.32,15.06,48.0,true,0,0
2026-07-25T01:03:16,2.95,2.0,5.9,15.07,48.0,true,0,0
2026-07-25T01:03:17,3.57,1.0,3.57,15.07,48.0,true,0,0
2026-07-25T01:03:17,3.37,1.32,4.46,15.07,48.0,true,0,0
2026-07-25T01:03:17,3.37,1.32,4.46,15.07,48.0,true,0,0
2026-07-25T01:03:17,3.37,1.32,4.46,15.07,48.0,true,0,0
2026-07-25T01:03:17,2.48,2.78,6.9,15.06,48.0,true,0,0
2026-07-25T01:03:17,2.26,3.16,7.15,15.06,48.0,true,0,0
2026-07-25T01:03:17,2.25,3.16,7.12,15.06,48.0,true,0,0
2026-07-25T01:03:18,2.25,3.16,7.12,15.06,48.0,true,0,0
2026-07-25T01:03:18,2.25,3.16,7.12,15.06,48.0,true,0,0
2026-07-25T01:03:18,3.73,0.84,3.13,15.07,48.0,true,0,0
2026-07-25T01:03:18,3.99,0.38,1.52,15.07,48.0,true,0,0
2026-07-25T01:03:18,4.06,0.23,0.93,15.07,48.0,true,0,0
2026-07-25T01:03:18,3.63,0.91,3.29,15.07,48.0,true,0,0
2026-07-25T01:03:19,3.0,1.91,5.72,15.07,48.0,true,0,0
2026-07-25T01:03:19,3.0,1.91,5.72,15.07,48.0,true,0,0
2026-07-25T01:03:19,3.0,1.91,5.72,15.07,48.0,true,0,0
2026-07-25T01:03:19,1.18,4.79,5.65,15.05,48.0,true,0,0
2026-07-25T01:03:19,0.8,5.4,4.32,15.05,48.0,true,0,0
2026-07-25T01:03:19,1.22,4.72,5.76,15.05,48.0,true,0,0
2026-07-25T01:03:19,1.86,3.72,6.93,15.06,48.0,true,0,0
2026-07-25T01:03:20,2.48,2.72,6.75,15.06,48.0,true,0,0
2026-07-25T01:03:20,2.48,2.72,6.75,15.06,48.0,true,0,0
2026-07-25T01:03:20,2.48,2.72,6.75,15.06,48.0,true,0,0
2026-07-25T01:03:20,3.51,1.12,3.93,15.07,48.0,true,0,0
2026-07-25T01:03:20,2.88,2.12,6.11,15.07,48.0,true,0,0
2026-07-25T01:03:20,2.26,3.12,7.05,15.06,48.0,true,0,0
2026-07-25T01:03:21,1.63,4.12,6.72,15.06,48.0,true,0,0
2026-07-25T01:03:21,1.63,4.12,6.72,15.06,48.0,true,0,0
2026-07-25T01:03:21,1.63,4.12,6.72,15.06,48.0,true,0,0
2026-07-25T01:03:21,0.46,6.0,2.76,15.05,48.0,true,0,0
2026-07-25T01:03:21,0.95,5.27,5.01,15.05,48.0,true,0,0
2026-07-25T01:03:21,1.12,5.03,5.63,15.05,48.0,true,0,0
2026-07-25T01:03:21,1.12,5.03,5.63,15.05,48.0,true,0,0
2026-07-25T01:03:22,1.15,4.99,5.74,15.05,48.0,true,0,0
2026-07-25T01:03:22,1.15,4.99,5.74,15.05,48.0,true,0,0
2026-07-25T01:03:22,1.15,4.99,5.74,15.05,48.0,true,0,0
2026-07-25T01:03:22,2.3,3.11,7.14,15.06,48.0,true,0,0
2026-07-25T01:03:22,2.75,2.35,6.45,15.06,48.0,true,0,0
2026-07-25T01:03:22,3.38,1.35,4.55,15.07,48.0,true,0,0
2026-07-25T01:03:23,3.97,0.38,1.52,15.07,48.0,true,0,0
2026-07-25T01:03:23,3.97,0.38,1.52,15.07,48.0,true,0,0
2026-07-25T01:03:23,3.97,0.38,1.52,15.07,48.0,true,0,0
2026-07-25T01:03:23,4.21,0.0,0.0,15.07,48.0,true,0,0
2026-07-25T01:03:23,4.21,0.0,0.0,15.07,48.0,true,0,0
2026-07-25T01:03:23,4.21,0.0,0.0,15.07,48.0,true,0,0
2026-07-25T01:03:23,4.21,0.0,0.0,15.07,48.0,true,0,0
2026-07-25T01:03:24,4.21,0.0,0.0,15.07,48.0,true,0,0
2026-07-25T01:03:24,4.21,0.0,0.0,15.07,48.0,true,0,0
2026-07-25T01:03:24,4.21,0.0,0.0,15.08,48.0,true,0,0
2026-07-25T01:03:24,4.21,0.0,0.0,15.08,48.0,true,0,0
2026-07-25T01:03:24,4.21,0.0,0.0,15.08,48.0,true,0,0
2026-07-25T01:03:24,4.21,0.0,0.0,15.08,48.0,true,0,0
2026-07-25T01:03:25,4.21,0.0,0.0,15.08,48.0,true,0,0
2026-07-25T01:03:25,4.21,0.0,0.0,15.08,48.0,true,0,0
2026-07-25T01:03:25,4.21,0.0,0.0,15.08,48.0,true,0,0
2026-07-25T01:03:25,4.21,0.0,0.0,15.08,48.0,true,0,0
2026-07-25T01:03:25,4.21,0.0,0.0,15.08,48.0,true,0,0
2026-07-25T01:03:25,4.21,0.0,0.0,15.08,48.0,true,0,0
2026-07-25T01:03:25,4.21,0.0,0.0,15.08,48.0,true,0,0
2026-07-25T01:03:26,4.21,0.0,0.0,15.08,48.0,true,0,0
2026-07-25T01:03:26,4.21,0.0,0.0,15.08,48.0,true,0,0
2026-07-25T01:03:26,4.21,0.0,0.0,15.08,48.0,true,0,0
2026-07-25T01:03:26,4.21,0.0,0.0,15.08,48.0,true,0,0
2026-07-25T01:03:26,4.21,0.0,0.0,15.08,48.0,true,0,0
2026-07-25T01:03:26,4.21,0.0,0.0,15.08,48.0,true,0,0
2026-07-25T01:03:27,4.21,0.0,0.0,15.08,48.0,true,0,0
2026-07-25T01:03:27,4.21,0.0,0.0,15.08,48.0,true,0,0
2026-07-25T01:03:27,4.21,0.0,0.0,15.08,48.0,true,0,0
2026-07-25T01:03:27,4.21,0.0,0.0,15.08,48.0,true,0,0
2026-07-25T01:03:27,4.21,0.0,0.0,15.08,48.0,true,0,0
2026-07-25T01:03:27,4.21,0.0,0.0,15.08,48.0,true,0,0
2026-07-25T01:03:27,4.21,0.0,0.0,15.08,48.0,true,0,0
2026-07-25T01:03:28,4.21,0.0,0.0,15.08,48.0,true,0,0
2026-07-25T01:03:28,4.21,0.0,0.0,15.08,48.0,true,0,0
2026-07-25T01:03:28,4.21,0.0,0.0,15.08,48.0,true,0,0
2026-07-25T01:03:28,4.21,0.0,0.0,15.08,48.0,true,0,0
2026-07-25T01:03:28,4.21,0.0,0.0,15.08,48.0,true,0,0
2026-07-25T01:03:28,4.21,0.0,0.0,15.08,48.0,true,0,0
2026-07-25T01:03:29,4.21,0.0,0.0,15.08,48.0,true,0,0
2026-07-25T01:03:29,4.21,0.0,0.0,15.08,48.0,true,0,0
2026-07-25T01:03:29,4.21,0.0,0.0,15.08,48.0,true,0,0
2026-07-25T01:03:29,4.21,0.0,0.0,15.08,47.0,true,0,0
2026-07-25T01:03:29,4.21,0.0,0.0,15.08,47.0,true,0,0
2026-07-25T01:03:29,4.21,0.0,0.0,15.08,47.0,true,0,0
2026-07-25T01:03:30,4.21,0.0,0.0,15.08,47.0,true,0,0
2026-07-25T01:03:30,4.21,0.0,0.0,15.08,47.0,true,0,0
2026-07-25T01:03:30,4.21,0.0,0.0,15.08,47.0,true,0,0
2026-07-25T01:03:30,4.21,0.0,0.0,15.08,47.0,true,0,0
2026-07-25T01:03:30,4.21,0.0,0.0,15.08,47.0,true,0,0
2026-07-25T01:03:30,4.21,0.0,0.0,15.08,47.0,true,0,0
2026-07-25T01:03:30,4.21,0.0,0.0,15.08,47.0,true,0,0
2026-07-25T01:03:31,4.21,0.0,0.0,15.08,47.0,true,0,0
2026-07-25T01:03:31,4.21,0.0,0.0,15.08,47.0,true,0,0
2026-07-25T01:03:31,4.21,0.0,0.0,15.08,47.0,true,0,0
2026-07-25T01:03:31,4.21,0.0,0.0,15.08,47.0,true,0,0
2026-07-25T01:03:31,4.21,0.0,0.0,15.08,47.0,true,0,0
2026-07-25T01:03:31,4.21,0.0,0.0,15.08,47.0,true,0,0
2026-07-25T01:03:32,4.21,0.0,0.0,15.08,47.0,true,0,0
2026-07-25T01:03:32,4.21,0.0,0.0,15.08,47.0,true,0,0
2026-07-25T01:03:32,4.21,0.0,0.0,15.08,47.0,true,0,0
2026-07-25T01:03:32,4.21,0.0,0.0,15.08,47.0,true,0,0
2026-07-25T01:03:32,4.21,0.0,0.0,15.08,47.0,true,0,0
2026-07-25T01:03:32,4.21,0.0,0.0,15.08,47.0,true,0,0
2026-07-25T01:03:32,4.21,0.0,0.0,15.08,47.0,true,0,0
2026-07-25T01:03:33,4.21,0.0,0.0,15.08,47.0,true,0,0
2026-07-25T01:03:33,4.21,0.0,0.0,15.08,47.0,true,0,0
2026-07-25T01:03:33,4.21,0.0,0.0,15.08,47.0,true,0,0
2026-07-25T01:03:33,4.21,0.0,0.0,15.08,47.0,true,0,0
2026-07-25T01:03:33,4.21,0.0,0.0,15.08,47.0,true,0,0
2026-07-25T01:03:33,4.21,0.0,0.0,15.08,47.0,true,0,0
2026-07-25T01:03:34,4.21,0.0,0.0,15.08,47.0,true,0,0
2026-07-25T01:03:34,4.21,0.0,0.0,15.08,47.0,true,0,0
2026-07-25T01:03:34,4.21,0.0,0.0,15.08,47.0,true,0,0
2026-07-25T01:03:34,4.21,0.0,0.0,15.08,47.0,true,0,0
2026-07-25T01:03:34,4.21,0.0,0.0,15.08,47.0,true,0,0
2026-07-25T01:03:34,4.21,0.0,0.0,15.08,47.0,true,0,0
2026-07-25T01:03:34,4.21,0.0,0.0,15.08,47.0,true,0,0
2026-07-25T01:03:35,4.21,0.0,0.0,15.08,47.0,true,0,0
2026-07-25T01:03:35,4.21,0.0,0.0,15.08,47.0,true,0,0
2026-07-25T01:03:35,4.21,0.0,0.0,15.08,47.0,true,0,0
2026-07-25T01:03:35,4.21,0.0,0.0,15.08,47.0,true,0,0
2026-07-25T01:03:35,4.21,0.0,0.0,15.08,47.0,true,0,0
2026-07-25T01:03:35,4.21,0.0,0.0,15.08,47.0,true,0,0
2026-07-25T01:03:36,4.21,0.0,0.0,15.08,46.0,true,0,0
2026-07-25T01:03:36,4.21,0.0,0.0,15.08,46.0,true,0,0
2026-07-25T01:03:36,4.21,0.0,0.0,15.08,46.0,true,0,0
2026-07-25T01:03:36,4.21,0.0,0.0,15.08,46.0,true,0,0
2026-07-25T01:03:36,4.21,0.0,0.0,15.08,46.0,true,0,0
2026-07-25T01:03:36,4.21,0.0,0.0,15.08,46.0,true,0,0
2026-07-25T01:03:36,4.21,0.0,0.0,15.08,46.0,true,0,0
2026-07-25T01:03:37,4.21,0.0,0.0,15.08,46.0,true,0,0
2026-07-25T01:03:37,4.21,0.0,0.0,15.08,46.0,true,0,0
2026-07-25T01:03:37,4.21,0.0,0.0,15.08,46.0,true,0,0
2026-07-25T01:03:37,4.21,0.0,0.0,15.08,46.0,true,0,0
2026-07-25T01:03:37,4.21,0.0,0.0,15.08,46.0,true,0,0
2026-07-25T01:03:37,4.21,0.0,0.0,15.08,46.0,true,0,0
2026-07-25T01:03:38,4.21,0.0,0.0,15.08,46.0,true,0,0
2026-07-25T01:03:38,4.21,0.0,0.0,15.08,46.0,true,0,0
2026-07-25T01:03:38,4.21,0.0,0.0,15.08,46.0,true,0,0
2026-07-25T01:03:38,4.21,0.0,0.0,15.08,46.0,true,0,0
2026-07-25T01:03:38,4.21,0.0,0.0,15.08,46.0,true,0,0
2026-07-25T01:03:38,4.21,0.0,0.0,15.08,46.0,true,0,0
2026-07-25T01:03:38,4.21,0.0,0.0,15.08,46.0,true,0,0
2026-07-25T01:03:39,4.21,0.0,0.0,15.08,46.0,true,0,0
2026-07-25T01:03:39,4.21,0.0,0.0,15.08,46.0,true,0,0
2026-07-25T01:03:39,4.21,0.0,0.0,15.08,46.0,true,0,0
2026-07-25T01:03:39,4.21,0.0,0.0,15.08,46.0,true,0,0
2026-07-25T01:03:39,4.21,0.0,0.0,15.08,46.0,true,0,0
2026-07-25T01:03:39,4.21,0.0,0.0,15.08,46.0,true,0,0
2026-07-25T01:03:40,4.21,0.0,0.0,15.08,46.0,true,0,0
2026-07-25T01:03:40,4.21,0.0,0.0,15.08,46.0,true,0,0
2026-07-25T01:03:40,4.21,0.0,0.0,15.08,46.0,true,0,0
2026-07-25T01:03:40,4.21,0.0,0.0,15.08,46.0,true,0,0
2026-07-25T01:03:40,4.21,0.0,0.0,15.08,46.0,true,0,0
2026-07-25T01:03:40,4.21,0.0,0.0,15.08,46.0,true,0,0
2026-07-25T01:03:40,4.21,0.0,0.0,15.08,46.0,true,0,0
2026-07-25T01:03:41,4.21,0.0,0.0,15.08,46.0,true,0,0
2026-07-25T01:03:41,4.21,0.0,0.0,15.08,46.0,true,0,0
2026-07-25T01:03:41,4.21,0.0,0.0,15.08,46.0,true,0,0
2026-07-25T01:03:41,4.21,0.0,0.0,15.08,46.0,true,0,0
2026-07-25T01:03:41,4.21,0.0,0.0,15.08,46.0,true,0,0
2026-07-25T01:03:41,4.21,0.0,0.0,15.08,46.0,true,0,0
2026-07-25T01:03:42,4.21,0.0,0.0,15.08,46.0,true,0,0
2026-07-25T01:03:42,4.21,0.0,0.0,15.08,46.0,true,0,0
2026-07-25T01:03:42,4.21,0.0,0.0,15.08,46.0,true,0,0
2026-07-25T01:03:42,4.21,0.0,0.0,15.08,46.0,true,0,0
2026-07-25T01:03:42,4.21,0.0,0.0,15.08,46.0,true,0,0
2026-07-25T01:03:42,4.21,0.0,0.0,15.08,46.0,true,0,0
2026-07-25T01:03:43,4.21,0.0,0.0,15.08,46.0,true,0,0
2026-07-25T01:03:43,4.21,0.0,0.0,15.08,46.0,true,0,0
2026-07-25T01:03:43,4.21,0.0,0.0,15.08,46.0,true,0,0
2026-07-25T01:03:43,4.21,0.0,0.0,15.08,46.0,true,0,0
2026-07-25T01:03:43,4.21,0.0,0.0,15.08,46.0,true,0,0
2026-07-25T01:03:43,4.21,0.0,0.0,15.08,46.0,true,0,0
2026-07-25T01:03:43,4.21,0.0,0.0,15.08,46.0,true,0,0
2026-07-25T01:03:44,4.21,0.0,0.0,15.08,46.0,true,0,0
2026-07-25T01:03:44,4.21,0.0,0.0,15.08,46.0,true,0,0
2026-07-25T01:03:44,4.21,0.0,0.0,15.08,46.0,true,0,0
2026-07-25T01:03:44,4.21,0.0,0.0,15.08,46.0,true,0,0
2026-07-25T01:03:44,4.21,0.0,0.0,15.08,46.0,true,0,0
2026-07-25T01:03:44,4.21,0.0,0.0,15.08,46.0,true,0,0
2026-07-25T01:03:45,4.21,0.0,0.0,15.08,46.0,true,0,0
2026-07-25T01:03:45,4.21,0.0,0.0,15.08,46.0,true,0,0
2026-07-25T01:03:45,4.21,0.0,0.0,15.08,46.0,true,0,0
2026-07-25T01:03:45,4.21,0.0,0.0,15.08,46.0,true,0,0
2026-07-25T01:03:45,4.21,0.0,0.0,15.08,46.0,true,0,0
2026-07-25T01:03:45,4.21,0.0,0.0,15.08,46.0,true,0,0
2026-07-25T01:03:45,4.21,0.0,0.0,15.08,46.0,true,0,0
2026-07-25T01:03:46,4.21,0.0,0.0,15.08,45.0,true,0,0
2026-07-25T01:03:46,4.21,0.0,0.0,15.08,45.0,true,0,0
2026-07-25T01:03:46,4.21,0.0,0.0,15.08,45.0,true,0,0
2026-07-25T01:03:46,4.21,0.0,0.0,15.08,45.0,true,0,0
2026-07-25T01:03:46,4.21,0.0,0.0,15.08,45.0,true,0,0
2026-07-25T01:03:46,4.21,0.0,0.0,15.08,45.0,true,0,0
2026-07-25T01:03:47,4.21,0.0,0.0,15.08,45.0,true,0,0
2026-07-25T01:03:47,4.21,0.0,0.0,15.08,45.0,true,0,0
2026-07-25T01:03:47,4.21,0.0,0.0,15.08,45.0,true,0,0
2026-07-25T01:03:47,4.21,0.0,0.0,15.08,45.0,true,0,0
2026-07-25T01:03:47,4.21,0.0,0.0,15.08,45.0,true,0,0
2026-07-25T01:03:47,4.21,0.0,0.0,15.08,45.0,true,0,0
2026-07-25T01:03:47,4.21,0.0,0.0,15.08,45.0,true,0,0
2026-07-25T01:03:48,4.21,0.0,0.0,15.08,45.0,true,0,0
2026-07-25T01:03:48,4.21,0.0,0.0,15.08,45.0,true,0,0
2026-07-25T01:03:48,4.21,0.0,0.0,15.08,45.0,true,0,0
2026-07-25T01:03:48,4.21,0.0,0.0,15.08,45.0,true,0,0
2026-07-25T01:03:48,4.21,0.0,0.0,15.08,45.0,true,0,0
2026-07-25T01:03:48,4.21,0.0,0.0,15.08,45.0,true,0,0
2026-07-25T01:03:49,4.21,0.0,0.0,15.08,45.0,true,0,0
2026-07-25T01:03:49,4.21,0.0,0.0,15.08,45.0,true,0,0
2026-07-25T01:03:49,4.21,0.0,0.0,15.08,45.0,true,0,0
2026-07-25T01:03:49,4.21,0.0,0.0,15.08,45.0,true,0,0
2026-07-25T01:03:49,4.21,0.0,0.0,15.08,45.0,true,0,0
2026-07-25T01:03:49,4.21,0.0,0.0,15.08,45.0,true,0,0
2026-07-25T01:03:49,4.21,0.0,0.0,15.08,45.0,true,0,0
2026-07-25T01:03:50,4.21,0.0,0.0,15.08,45.0,true,0,0
2026-07-25T01:03:50,4.21,0.0,0.0,15.08,45.0,true,0,0
2026-07-25T01:03:50,4.21,0.0,0.0,15.08,45.0,true,0,0
2026-07-25T01:03:50,4.21,0.0,0.0,15.08,45.0,true,0,0
2026-07-25T01:03:50,4.21,0.0,0.0,15.08,45.0,true,0,0
2026-07-25T01:03:50,4.21,0.0,0.0,15.08,45.0,true,0,0
2026-07-25T01:03:51,4.21,0.0,0.0,15.08,45.0,true,0,0
2026-07-25T01:03:51,4.21,0.0,0.0,15.08,45.0,true,0,0
2026-07-25T01:03:51,4.21,0.0,0.0,15.08,45.0,true,0,0
2026-07-25T01:03:51,4.21,0.0,0.0,15.08,45.0,true,0,0
2026-07-25T01:03:51,4.21,0.0,0.0,15.08,45.0,true,0,0
2026-07-25T01:03:51,4.21,0.0,0.0,15.08,45.0,true,0,0
2026-07-25T01:03:51,4.21,0.0,0.0,15.08,45.0,true,0,0
2026-07-25T01:03:52,4.21,0.0,0.0,15.08,45.0,true,0,0
2026-07-25T01:03:52,4.21,0.0,0.0,15.08,45.0,true,0,0
2026-07-25T01:03:52,4.21,0.0,0.0,15.08,45.0,true,0,0
2026-07-25T01:03:52,4.21,0.0,0.0,15.08,45.0,true,0,0
2026-07-25T01:03:52,4.21,0.0,0.0,15.08,45.0,true,0,0
2026-07-25T01:03:52,4.21,0.0,0.0,15.08,45.0,true,0,0
2026-07-25T01:03:53,4.21,0.0,0.0,15.08,45.0,true,0,0
2026-07-25T01:03:53,4.21,0.0,0.0,15.08,45.0,true,0,0
2026-07-25T01:03:53,4.21,0.0,0.0,15.08,45.0,true,0,0
2026-07-25T01:03:53,4.21,0.0,0.0,15.08,45.0,true,0,0
2026-07-25T01:03:53,4.21,0.0,0.0,15.08,45.0,true,0,0
2026-07-25T01:03:53,4.21,0.0,0.0,15.08,45.0,true,0,0
2026-07-25T01:03:54,4.21,0.0,0.0,15.08,45.0,true,0,0
2026-07-25T01:03:54,4.21,0.0,0.0,15.08,45.0,true,0,0
2026-07-25T01:03:54,4.21,0.0,0.0,15.08,45.0,true,0,0
2026-07-25T01:03:54,4.21,0.0,0.0,15.08,45.0,true,0,0
2026-07-25T01:03:54,4.21,0.0,0.0,15.08,45.0,true,0,0
2026-07-25T01:03:54,4.21,0.0,0.0,15.08,45.0,true,0,0
2026-07-25T01:03:54,4.21,0.0,0.0,15.08,45.0,true,0,0
2026-07-25T01:03:55,4.21,0.0,0.0,15.08,45.0,true,0,0
2026-07-25T01:03:55,4.21,0.0,0.0,15.08,45.0,true,0,0
2026-07-25T01:03:55,4.21,0.0,0.0,15.08,45.0,true,0,0
2026-07-25T01:03:55,4.21,0.0,0.0,15.08,45.0,true,0,0
2026-07-25T01:03:55,4.21,0.0,0.0,15.08,45.0,true,0,0
2026-07-25T01:03:55,4.21,0.0,0.0,15.08,45.0,true,0,0
2026-07-25T01:03:56,4.21,0.0,0.0,15.08,45.0,true,0,0
2026-07-25T01:03:56,4.21,0.0,0.0,15.08,45.0,true,0,0
2026-07-25T01:03:56,4.21,0.0,0.0,15.08,45.0,true,0,0
2026-07-25T01:03:56,4.21,0.0,0.0,15.08,45.0,true,0,0
2026-07-25T01:03:56,4.21,0.0,0.0,15.08,45.0,true,0,0
2026-07-25T01:03:56,4.21,0.0,0.0,15.08,45.0,true,0,0
2026-07-25T01:03:56,4.21,0.0,0.0,15.08,45.0,true,0,0
2026-07-25T01:03:57,4.21,0.0,0.0,15.08,45.0,true,0,0
2026-07-25T01:03:57,4.21,0.0,0.0,15.08,45.0,true,0,0
2026-07-25T01:03:57,4.21,0.0,0.0,15.08,45.0,true,0,0
2026-07-25T01:03:57,4.21,0.0,0.0,15.08,45.0,true,0,0
2026-07-25T01:03:57,4.21,0.0,0.0,15.08,45.0,true,0,0
2026-07-25T01:03:57,4.21,0.0,0.0,15.08,45.0,true,0,0
2026-07-25T01:03:58,4.21,0.0,0.0,15.08,45.0,true,0,0
2026-07-25T01:03:58,4.21,0.0,0.0,15.08,45.0,true,0,0
2026-07-25T01:03:58,4.21,0.0,0.0,15.08,45.0,true,0,0
2026-07-25T01:03:58,4.21,0.0,0.0,15.08,45.0,true,0,0
2026-07-25T01:03:58,4.21,0.0,0.0,15.08,45.0,true,0,0
2026-07-25T01:03:58,4.21,0.0,0.0,15.08,45.0,true,0,0
2026-07-25T01:03:58,4.21,0.0,0.0,15.08,45.0,true,0,0
2026-07-25T01:03:59,4.21,0.0,0.0,15.08,45.0,true,0,0
2026-07-25T01:03:59,4.21,0.0,0.0,15.08,45.0,true,0,0
2026-07-25T01:03:59,4.21,0.0,0.0,15.08,45.0,true,0,0
2026-07-25T01:03:59,4.21,0.0,0.0,15.08,45.0,true,0,0
2026-07-25T01:03:59,4.21,0.0,0.0,15.08,45.0,true,0,0
2026-07-25T01:03:59,4.21,0.0,0.0,15.08,45.0,true,0,0
2026-07-25T01:04:00,4.21,0.0,0.0,15.08,45.0,true,0,0
2026-07-25T01:04:00,4.21,0.0,0.0,15.08,45.0,true,0,0
2026-07-25T01:04:00,4.21,0.0,0.0,15.08,45.0,true,0,0
2026-07-25T01:04:00,4.21,0.0,0.0,15.08,44.0,true,0,0
2026-07-25T01:04:00,4.21,0.0,0.0,15.08,44.0,true,0,0
2026-07-25T01:04:00,4.21,0.0,0.0,15.08,44.0,true,0,0
2026-07-25T01:04:00,4.21,0.0,0.0,15.08,44.0,true,0,0
2026-07-25T01:04:01,4.21,0.0,0.0,15.08,44.0,true,0,0
2026-07-25T01:04:01,4.21,0.0,0.0,15.08,44.0,true,0,0
2026-07-25T01:04:01,4.21,0.0,0.0,15.08,44.0,true,0,0
2026-07-25T01:04:01,4.21,0.0,0.0,15.08,44.0,true,0,0
2026-07-25T01:04:01,4.21,0.0,0.0,15.08,44.0,true,0,0
2026-07-25T01:04:01,4.21,0.0,0.0,15.08,44.0,true,0,0
2026-07-25T01:04:02,4.21,0.0,0.0,15.08,44.0,true,0,0
2026-07-25T01:04:02,4.21,0.0,0.0,15.08,44.0,true,0,0
2026-07-25T01:04:02,4.21,0.0,0.0,15.08,44.0,true,0,0
2026-07-25T01:04:02,4.21,0.0,0.0,15.08,44.0,true,0,0
2026-07-25T01:04:02,4.21,0.0,0.0,15.08,44.0,true,0,0
2026-07-25T01:04:02,4.21,0.0,0.0,15.08,44.0,true,0,0
2026-07-25T01:04:02,4.21,0.0,0.0,15.08,44.0,true,0,0
2026-07-25T01:04:03,4.21,0.0,0.0,15.08,44.0,true,0,0
2026-07-25T01:04:03,4.21,0.0,0.0,15.08,44.0,true,0,0
2026-07-25T01:04:03,4.21,0.0,0.0,15.08,44.0,true,0,0
2026-07-25T01:04:03,4.21,0.0,0.0,15.08,44.0,true,0,0
2026-07-25T01:04:03,4.21,0.0,0.0,15.08,44.0,true,0,0
2026-07-25T01:04:03,4.21,0.0,0.0,15.08,44.0,true,0,0
2026-07-25T01:04:04,4.21,0.0,0.0,15.08,44.0,true,0,0
2026-07-25T01:04:04,4.21,0.0,0.0,15.08,44.0,true,0,0
2026-07-25T01:04:04,4.21,0.0,0.0,15.08,44.0,true,0,0
2026-07-25T01:04:04,4.21,0.0,0.0,15.08,44.0,true,0,0
2026-07-25T01:04:04,4.21,0.0,0.0,15.08,44.0,true,0,0
2026-07-25T01:04:04,4.21,0.0,0.0,15.08,44.0,true,0,0
2026-07-25T01:04:04,4.21,0.0,0.0,15.08,44.0,true,0,0
2026-07-25T01:04:05,4.21,0.0,0.0,15.08,44.0,true,0,0
2026-07-25T01:04:05,4.21,0.0,0.0,15.08,44.0,true,0,0
2026-07-25T01:04:05,4.21,0.0,0.0,15.08,44.0,true,0,0
2026-07-25T01:04:05,4.21,0.0,0.0,15.08,44.0,true,0,0
2026-07-25T01:04:05,4.21,0.0,0.0,15.08,44.0,true,0,0
2026-07-25T01:04:05,4.21,0.0,0.0,15.08,44.0,true,0,0
2026-07-25T01:04:06,4.21,0.0,0.0,15.08,44.0,true,0,0
2026-07-25T01:04:06,4.21,0.0,0.0,15.08,44.0,true,0,0
2026-07-25T01:04:06,4.21,0.0,0.0,15.08,44.0,true,0,0
2026-07-25T01:04:06,4.21,0.0,0.0,15.08,44.0,true,0,0
2026-07-25T01:04:06,4.21,0.0,0.0,15.08,44.0,true,0,0
2026-07-25T01:04:06,4.21,0.0,0.0,15.08,44.0,true,0,0
2026-07-25T01:04:07,4.21,0.0,0.0,15.08,44.0,true,0,0
2026-07-25T01:04:07,4.21,0.0,0.0,15.08,44.0,true,0,0
2026-07-25T01:04:07,4.21,0.0,0.0,15.08,44.0,true,0,0
2026-07-25T01:04:07,4.21,0.0,0.0,15.08,44.0,true,0,0
2026-07-25T01:04:07,4.21,0.0,0.0,15.08,44.0,true,0,0
2026-07-25T01:04:07,4.21,0.0,0.0,15.08,44.0,true,0,0
2026-07-25T01:04:07,4.21,0.0,0.0,15.08,44.0,true,0,0
2026-07-25T01:04:08,4.21,0.0,0.0,15.08,44.0,true,0,0
2026-07-25T01:04:08,4.21,0.0,0.0,15.08,44.0,true,0,0
2026-07-25T01:04:08,4.21,0.0,0.0,15.08,44.0,true,0,0
2026-07-25T01:04:08,4.21,0.0,0.0,15.08,44.0,true,0,0
2026-07-25T01:04:08,4.21,0.0,0.0,15.08,44.0,true,0,0
2026-07-25T01:04:08,4.21,0.0,0.0,15.08,44.0,true,0,0
2026-07-25T01:04:09,4.21,0.0,0.0,15.08,44.0,true,0,0
2026-07-25T01:04:09,4.21,0.0,0.0,15.08,44.0,true,0,0
2026-07-25T01:04:09,4.21,0.0,0.0,15.08,44.0,true,0,0
2026-07-25T01:04:09,4.21,0.0,0.0,15.08,44.0,true,0,0
2026-07-25T01:04:09,4.21,0.0,0.0,15.08,44.0,true,0,0
2026-07-25T01:04:09,4.21,0.0,0.0,15.08,44.0,true,0,0
2026-07-25T01:04:09,4.21,0.0,0.0,15.08,44.0,true,0,0
2026-07-25T01:04:10,4.21,0.0,0.0,15.08,44.0,true,0,0
2026-07-25T01:04:10,4.21,0.0,0.0,15.08,44.0,true,0,0
2026-07-25T01:04:10,4.21,0.0,0.0,15.08,44.0,true,0,0
2026-07-25T01:04:10,4.21,0.0,0.0,15.08,44.0,true,0,0
2026-07-25T01:04:10,4.21,0.0,0.0,15.08,44.0,true,0,0
2026-07-25T01:04:10,4.21,0.0,0.0,15.08,44.0,true,0,0
2026-07-25T01:04:11,4.21,0.0,0.0,15.08,44.0,true,0,0
2026-07-25T01:04:11,4.21,0.0,0.0,15.08,44.0,true,0,0
2026-07-25T01:04:11,4.21,0.0,0.0,15.08,44.0,true,0,0
2026-07-25T01:04:11,4.21,0.0,0.0,15.08,44.0,true,0,0
2026-07-25T01:04:11,4.21,0.0,0.0,15.08,44.0,true,0,0
2026-07-25T01:04:11,4.21,0.0,0.0,15.08,44.0,true,0,0
2026-07-25T01:04:11,4.21,0.0,0.0,15.08,44.0,true,0,0
2026-07-25T01:04:12,4.21,0.0,0.0,15.08,44.0,true,0,0
2026-07-25T01:04:12,4.21,0.0,0.0,15.08,44.0,true,0,0
2026-07-25T01:04:12,4.21,0.0,0.0,15.08,44.0,true,0,0
2026-07-25T01:04:12,4.21,0.0,0.0,15.08,44.0,true,0,0
2026-07-25T01:04:12,4.21,0.0,0.0,15.08,44.0,true,0,0
2026-07-25T01:04:12,4.21,0.0,0.0,15.08,44.0,true,0,0
2026-07-25T01:04:13,4.21,0.0,0.0,15.08,44.0,true,0,0
2026-07-25T01:04:13,4.21,0.0,0.0,15.08,44.0,true,0,0
2026-07-25T01:04:13,4.21,0.0,0.0,15.08,44.0,true,0,0
2026-07-25T01:04:13,4.21,0.0,0.0,15.08,44.0,true,0,0
2026-07-25T01:04:13,4.21,0.0,0.0,15.08,44.0,true,0,0
2026-07-25T01:04:13,4.21,0.0,0.0,15.08,44.0,true,0,0
2026-07-25T01:04:13,4.21,0.0,0.0,15.08,44.0,true,0,0
2026-07-25T01:04:14,4.21,0.0,0.0,15.08,44.0,true,0,0
2026-07-25T01:04:14,4.21,0.0,0.0,15.08,44.0,true,0,0
2026-07-25T01:04:14,4.21,0.0,0.0,15.08,44.0,true,0,0
2026-07-25T01:04:14,4.21,0.0,0.0,15.08,44.0,true,0,0
2026-07-25T01:04:14,4.21,0.0,0.0,15.08,44.0,true,0,0
2026-07-25T01:04:14,4.21,0.0,0.0,15.08,44.0,true,0,0
2026-07-25T01:04:15,4.21,0.0,0.0,15.08,44.0,true,0,0
2026-07-25T01:04:15,4.21,0.0,0.0,15.08,44.0,true,0,0
2026-07-25T01:04:15,4.21,0.0,0.0,15.08,44.0,true,0,0
2026-07-25T01:04:15,4.21,0.0,0.0,15.08,44.0,true,0,0
2026-07-25T01:04:15,4.21,0.0,0.0,15.08,44.0,true,0,0
2026-07-25T01:04:15,4.21,0.0,0.0,15.08,44.0,true,0,0
2026-07-25T01:04:15,4.21,0.0,0.0,15.08,44.0,true,0,0
2026-07-25T01:04:16,4.21,0.0,0.0,15.08,44.0,true,0,0
2026-07-25T01:04:16,4.21,0.0,0.0,15.08,44.0,true,0,0
2026-07-25T01:04:16,4.21,0.0,0.0,15.08,44.0,true,0,0
2026-07-25T01:04:16,4.21,0.0,0.0,15.08,44.0,true,0,0
2026-07-25T01:04:16,4.21,0.0,0.0,15.08,44.0,true,0,0
2026-07-25T01:04:16,4.21,0.0,0.0,15.08,44.0,true,0,0
2026-07-25T01:04:17,4.21,0.0,0.0,15.08,44.0,true,0,0
2026-07-25T01:04:17,4.21,0.0,0.0,15.08,44.0,true,0,0
2026-07-25T01:04:17,4.21,0.0,0.0,15.08,44.0,true,0,0
2026-07-25T01:04:17,4.21,0.0,0.0,15.08,44.0,true,0,0
2026-07-25T01:04:17,4.21,0.0,0.0,15.08,44.0,true,0,0
2026-07-25T01:04:17,4.21,0.0,0.0,15.08,44.0,true,0,0
2026-07-25T01:04:18,4.21,0.0,0.0,15.08,44.0,true,0,0
2026-07-25T01:04:18,4.21,0.0,0.0,15.08,44.0,true,0,0
2026-07-25T01:04:18,4.21,0.0,0.0,15.08,44.0,true,0,0
2026-07-25T01:04:18,4.21,0.0,0.0,15.08,44.0,true,0,0
2026-07-25T01:04:18,4.21,0.0,0.0,15.08,44.0,true,0,0
2026-07-25T01:04:18,4.21,0.0,0.0,15.08,44.0,true,0,0
2026-07-25T01:04:18,4.21,0.0,0.0,15.08,44.0,true,0,0
2026-07-25T01:04:19,4.21,0.0,0.0,15.08,44.0,true,0,0
2026-07-25T01:04:19,4.21,0.0,0.0,15.08,44.0,true,0,0
2026-07-25T01:04:19,4.21,0.0,0.0,15.08,44.0,true,0,0
2026-07-25T01:04:19,4.21,0.0,0.0,15.08,44.0,true,0,0
2026-07-25T01:04:19,4.21,0.0,0.0,15.08,44.0,true,0,0
2026-07-25T01:04:19,4.21,0.0,0.0,15.08,44.0,true,0,0
2026-07-25T01:04:20,4.21,0.0,0.0,15.08,44.0,true,0,0
2026-07-25T01:04:20,4.21,0.0,0.0,15.08,44.0,true,0,0
2026-07-25T01:04:20,4.21,0.0,0.0,15.08,44.0,true,0,0
2026-07-25T01:04:20,4.21,0.0,0.0,15.08,44.0,true,0,0
2026-07-25T01:04:20,4.21,0.0,0.0,15.08,44.0,true,0,0
2026-07-25T01:04:20,4.21,0.0,0.0,15.08,44.0,true,0,0
2026-07-25T01:04:20,4.21,0.0,0.0,15.08,44.0,true,0,0
2026-07-25T01:04:21,4.21,0.0,0.0,15.08,44.0,true,0,0
2026-07-25T01:04:21,4.21,0.0,0.0,15.08,44.0,true,0,0
2026-07-25T01:04:21,4.21,0.0,0.0,15.08,44.0,true,0,0
2026-07-25T01:04:21,4.21,0.0,0.0,15.08,44.0,true,0,0
2026-07-25T01:04:21,4.21,0.0,0.0,15.08,44.0,true,0,0
2026-07-25T01:04:21,4.21,0.0,0.0,15.08,44.0,true,0,0
2026-07-25T01:04:22,4.21,0.0,0.0,15.08,44.0,true,0,0
2026-07-25T01:04:22,4.21,0.0,0.0,15.08,44.0,true,0,0
2026-07-25T01:04:22,4.21,0.0,0.0,15.08,44.0,true,0,0
2026-07-25T01:04:22,4.21,0.0,0.0,15.08,44.0,true,0,0
2026-07-25T01:04:22,4.21,0.0,0.0,15.08,44.0,true,0,0
2026-07-25T01:04:22,4.21,0.0,0.0,15.08,44.0,true,0,0
2026-07-25T01:04:22,4.21,0.0,0.0,15.08,44.0,true,0,0
2026-07-25T01:04:23,4.21,0.0,0.0,15.08,44.0,true,0,0
2026-07-25T01:04:23,4.21,0.0,0.0,15.08,44.0,true,0,0
2026-07-25T01:04:23,4.21,0.0,0.0,15.08,44.0,true,0,0
2026-07-25T01:04:23,4.21,0.0,0.0,15.08,44.0,true,0,0
2026-07-25T01:04:23,4.21,0.0,0.0,15.08,44.0,true,0,0
2026-07-25T01:04:23,4.21,0.0,0.0,15.08,44.0,true,0,0
2026-07-25T01:04:24,4.21,0.0,0.0,15.08,44.0,true,0,0
2026-07-25T01:04:24,4.21,0.0,0.0,15.08,44.0,true,0,0
2026-07-25T01:04:24,4.21,0.0,0.0,15.08,44.0,true,0,0
2026-07-25T01:04:24,4.21,0.0,0.0,15.08,44.0,true,0,0
2026-07-25T01:04:24,4.21,0.0,0.0,15.08,44.0,true,0,0
2026-07-25T01:04:24,4.21,0.0,0.0,15.08,44.0,true,0,0
2026-07-25T01:04:24,4.21,0.0,0.0,15.08,44.0,true,0,0
2026-07-25T01:04:25,4.21,0.0,0.0,15.08,44.0,true,0,0
2026-07-25T01:04:25,4.21,0.0,0.0,15.08,44.0,true,0,0
2026-07-25T01:04:25,4.21,0.0,0.0,15.08,44.0,true,0,0
2026-07-25T01:04:25,4.21,0.0,0.0,15.08,44.0,true,0,0
2026-07-25T01:04:25,4.21,0.0,0.0,15.08,44.0,true,0,0
2026-07-25T01:04:25,4.21,0.0,0.0,15.08,44.0,true,0,0
2026-07-25T01:04:26,4.21,0.0,0.0,15.08,44.0,true,0,0
2026-07-25T01:04:26,4.21,0.0,0.0,15.08,44.0,true,0,0
2026-07-25T01:04:26,4.21,0.0,0.0,15.08,44.0,true,0,0
2026-07-25T01:04:26,4.21,0.0,0.0,15.08,44.0,true,0,0
2026-07-25T01:04:26,4.21,0.0,0.0,15.08,44.0,true,0,0
2026-07-25T01:04:26,4.21,0.0,0.0,15.08,44.0,true,0,0
2026-07-25T01:04:26,4.21,0.0,0.0,15.08,44.0,true,0,0
2026-07-25T01:04:27,4.21,0.0,0.0,15.08,44.0,true,0,0
2026-07-25T01:04:27,4.21,0.0,0.0,15.08,44.0,true,0,0
2026-07-25T01:04:27,4.21,0.0,0.0,15.08,44.0,true,0,0
2026-07-25T01:04:27,4.21,0.0,0.0,15.08,44.0,true,0,0
2026-07-25T01:04:27,4.21,0.0,0.0,15.08,44.0,true,0,0
2026-07-25T01:04:27,4.21,0.0,0.0,15.08,44.0,true,0,0
2026-07-25T01:04:28,4.21,0.0,0.0,15.08,44.0,true,0,0
2026-07-25T01:04:28,4.21,0.0,0.0,15.08,44.0,true,0,0
2026-07-25T01:04:28,4.21,0.0,0.0,15.08,44.0,true,0,0
2026-07-25T01:04:28,4.21,0.0,0.0,15.08,44.0,true,0,0
2026-07-25T01:04:28,4.21,0.0,0.0,15.08,44.0,true,0,0
2026-07-25T01:04:28,4.21,0.0,0.0,15.08,44.0,true,0,0
2026-07-25T01:04:28,4.21,0.0,0.0,15.08,44.0,true,0,0
2026-07-25T01:04:29,4.21,0.0,0.0,15.08,44.0,true,0,0
2026-07-25T01:04:29,4.21,0.0,0.0,15.08,44.0,true,0,0
2026-07-25T01:04:29,4.21,0.0,0.0,15.08,44.0,true,0,0
2026-07-25T01:04:29,4.21,0.0,0.0,15.08,44.0,true,0,0
2026-07-25T01:04:29,4.21,0.0,0.0,15.08,44.0,true,0,0
2026-07-25T01:04:29,4.21,0.0,0.0,15.08,44.0,true,0,0
2026-07-25T01:04:30,4.21,0.0,0.0,15.08,44.0,true,0,0
2026-07-25T01:04:30,4.21,0.0,0.0,15.08,44.0,true,0,0
2026-07-25T01:04:30,4.21,0.0,0.0,15.08,44.0,true,0,0
2026-07-25T01:04:30,4.21,0.0,0.0,15.08,44.0,true,0,0
2026-07-25T01:04:30,4.21,0.0,0.0,15.08,44.0,true,0,0
2026-07-25T01:04:30,4.21,0.0,0.0,15.08,44.0,true,0,0
2026-07-25T01:04:31,4.21,0.0,0.0,15.08,44.0,true,0,0
2026-07-25T01:04:31,4.21,0.0,0.0,15.08,44.0,true,0,0
2026-07-25T01:04:31,4.21,0.0,0.0,15.08,44.0,true,0,0
2026-07-25T01:04:31,4.21,0.0,0.0,15.08,44.0,true,0,0
2026-07-25T01:04:31,4.21,0.0,0.0,15.08,44.0,true,0,0
2026-07-25T01:04:31,4.21,0.0,0.0,15.08,44.0,true,0,0
2026-07-25T01:04:31,4.21,0.0,0.0,15.08,44.0,true,0,0
2026-07-25T01:04:32,4.21,0.0,0.0,15.08,44.0,true,0,0
2026-07-25T01:04:32,4.21,0.0,0.0,15.08,44.0,true,0,0
2026-07-25T01:04:32,4.21,0.0,0.0,15.08,44.0,true,0,0
2026-07-25T01:04:32,4.21,0.0,0.0,15.08,44.0,true,0,0
2026-07-25T01:04:32,4.21,0.0,0.0,15.08,44.0,true,0,0
2026-07-25T01:04:32,4.21,0.0,0.0,15.08,44.0,true,0,0
2026-07-25T01:04:33,4.21,0.0,0.0,15.08,44.0,true,0,0
2026-07-25T01:04:33,4.21,0.0,0.0,15.08,44.0,true,0,0
2026-07-25T01:04:33,4.21,0.0,0.0,15.08,44.0,true,0,0
2026-07-25T01:04:33,4.21,0.0,0.0,15.08,44.0,true,0,0
2026-07-25T01:04:33,4.21,0.0,0.0,15.08,44.0,true,0,0
2026-07-25T01:04:33,4.21,0.0,0.0,15.08,44.0,true,0,0
2026-07-25T01:04:33,4.21,0.0,0.0,15.08,44.0,true,0,0
2026-07-25T01:04:34,4.21,0.0,0.0,15.08,44.0,true,0,0
2026-07-25T01:04:34,4.21,0.0,0.0,15.08,44.0,true,0,0
2026-07-25T01:04:34,4.21,0.0,0.0,15.08,44.0,true,0,0
2026-07-25T01:04:34,4.21,0.0,0.0,15.08,44.0,true,0,0
2026-07-25T01:04:34,4.21,0.0,0.0,15.08,44.0,true,0,0
2026-07-25T01:04:34,4.21,0.0,0.0,15.08,44.0,true,0,0
2026-07-25T01:04:35,4.21,0.0,0.0,15.08,44.0,true,0,0
2026-07-25T01:04:35,4.21,0.0,0.0,15.08,44.0,true,0,0
2026-07-25T01:04:35,4.21,0.0,0.0,15.08,44.0,true,0,0
2026-07-25T01:04:35,4.21,0.0,0.0,15.08,44.0,true,0,0
2026-07-25T01:04:35,4.21,0.0,0.0,15.08,44.0,true,0,0
2026-07-25T01:04:35,4.21,0.0,0.0,15.08,44.0,true,0,0
2026-07-25T01:04:35,4.21,0.0,0.0,15.08,44.0,true,0,0
2026-07-25T01:04:36,4.21,0.0,0.0,15.08,44.0,true,0,0
2026-07-25T01:04:36,4.21,0.0,0.0,15.08,44.0,true,0,0
2026-07-25T01:04:36,4.21,0.0,0.0,15.08,44.0,true,0,0
2026-07-25T01:04:36,4.21,0.0,0.0,15.08,44.0,true,0,0
2026-07-25T01:04:36,4.21,0.0,0.0,15.08,44.0,true,0,0
2026-07-25T01:04:36,4.21,0.0,0.0,15.08,44.0,true,0,0
2026-07-25T01:04:37,4.21,0.0,0.0,15.08,44.0,true,0,0
2026-07-25T01:04:37,4.21,0.0,0.0,15.08,44.0,true,0,0
2026-07-25T01:04:37,4.21,0.0,0.0,15.08,44.0,true,0,0
2026-07-25T01:04:37,4.21,0.0,0.0,15.08,44.0,true,0,0
2026-07-25T01:04:37,4.21,0.0,0.0,15.08,44.0,true,0,0
2026-07-25T01:04:37,4.21,0.0,0.0,15.08,44.0,true,0,0
2026-07-25T01:04:37,4.21,0.0,0.0,15.08,44.0,true,0,0
2026-07-25T01:04:38,4.21,0.0,0.0,15.08,44.0,true,0,0
2026-07-25T01:04:38,4.21,0.0,0.0,15.08,44.0,true,0,0
2026-07-25T01:04:38,4.21,0.0,0.0,15.08,44.0,true,0,0
2026-07-25T01:04:38,4.21,0.0,0.0,15.08,44.0,true,0,0
2026-07-25T01:04:38,4.21,0.0,0.0,15.08,44.0,true,0,0
2026-07-25T01:04:38,4.21,0.0,0.0,15.08,44.0,true,0,0
2026-07-25T01:04:39,4.21,0.0,0.0,15.08,44.0,true,0,0
2026-07-25T01:04:39,4.21,0.0,0.0,15.08,44.0,true,0,0
2026-07-25T01:04:39,4.21,0.0,0.0,15.08,44.0,true,0,0
2026-07-25T01:04:39,4.21,0.0,0.0,15.08,44.0,true,0,0
2026-07-25T01:04:39,4.21,0.0,0.0,15.08,44.0,true,0,0
2026-07-25T01:04:39,4.21,0.0,0.0,15.08,44.0,true,0,0
2026-07-25T01:04:39,4.21,0.0,0.0,15.08,44.0,true,0,0
2026-07-25T01:04:40,4.21,0.0,0.0,15.08,44.0,true,0,0
2026-07-25T01:04:40,4.21,0.0,0.0,15.08,44.0,true,0,0
2026-07-25T01:04:40,4.21,0.0,0.0,15.08,44.0,true,0,0
2026-07-25T01:04:40,4.21,0.0,0.0,15.08,44.0,true,0,0
2026-07-25T01:04:40,4.21,0.0,0.0,15.08,44.0,true,0,0
2026-07-25T01:04:40,4.21,0.0,0.0,15.08,44.0,true,0,0
2026-07-25T01:04:41,4.21,0.0,0.0,15.08,44.0,true,0,0
2026-07-25T01:04:41,4.21,0.0,0.0,15.08,44.0,true,0,0
2026-07-25T01:04:41,4.21,0.0,0.0,15.08,44.0,true,0,0
2026-07-25T01:04:41,4.21,0.0,0.0,15.08,44.0,true,0,0
2026-07-25T01:04:41,4.21,0.0,0.0,15.08,44.0,true,0,0
2026-07-25T01:04:41,4.21,0.0,0.0,15.08,44.0,true,0,0
2026-07-25T01:04:42,4.21,0.0,0.0,15.08,44.0,true,0,0
2026-07-25T01:04:42,4.21,0.0,0.0,15.08,44.0,true,0,0
2026-07-25T01:04:42,4.21,0.0,0.0,15.08,44.0,true,0,0
2026-07-25T01:04:42,4.21,0.0,0.0,15.08,44.0,true,0,0
2026-07-25T01:04:42,4.21,0.0,0.0,15.08,44.0,true,0,0
2026-07-25T01:04:42,4.21,0.0,0.0,15.08,44.0,true,0,0
2026-07-25T01:04:42,4.21,0.0,0.0,15.08,44.0,true,0,0
2026-07-25T01:04:43,4.21,0.0,0.0,15.08,44.0,true,0,0
2026-07-25T01:04:43,4.21,0.0,0.0,15.08,44.0,true,0,0
2026-07-25T01:04:43,4.21,0.0,0.0,15.08,44.0,true,0,0
2026-07-25T01:04:43,4.21,0.0,0.0,15.08,44.0,true,0,0
2026-07-25T01:04:43,4.21,0.0,0.0,15.08,44.0,true,0,0
2026-07-25T01:04:43,4.21,0.0,0.0,15.08,44.0,true,0,0
2026-07-25T01:04:44,4.21,0.0,0.0,15.08,44.0,true,0,0
2026-07-25T01:04:44,4.21,0.0,0.0,15.08,44.0,true,0,0
2026-07-25T01:04:44,4.21,0.0,0.0,15.08,44.0,true,0,0
2026-07-25T01:04:44,4.21,0.0,0.0,15.08,44.0,true,0,0
2026-07-25T01:04:44,4.21,0.0,0.0,15.08,44.0,true,0,0
2026-07-25T01:04:44,4.21,0.0,0.0,15.08,44.0,true,0,0
2026-07-25T01:04:44,4.21,0.0,0.0,15.08,44.0,true,0,0
2026-07-25T01:04:45,4.21,0.0,0.0,15.08,44.0,true,0,0
2026-07-25T01:04:45,4.21,0.0,0.0,15.08,44.0,true,0,0
2026-07-25T01:04:45,4.21,0.0,0.0,15.08,44.0,true,0,0
2026-07-25T01:04:45,4.21,0.0,0.0,15.08,44.0,true,0,0
2026-07-25T01:04:45,4.21,0.0,0.0,15.08,44.0,true,0,0
2026-07-25T01:04:45,4.21,0.0,0.0,15.08,44.0,true,0,0
2026-07-25T01:04:46,4.21,0.0,0.0,15.08,44.0,true,0,0
2026-07-25T01:04:46,4.21,0.0,0.0,15.08,44.0,true,0,0
2026-07-25T01:04:46,4.21,0.0,0.0,15.08,44.0,true,0,0
2026-07-25T01:04:46,4.21,0.0,0.0,15.08,44.0,true,0,0
2026-07-25T01:04:46,4.21,0.0,0.0,15.08,44.0,true,0,0
2026-07-25T01:04:46,4.21,0.0,0.0,15.08,44.0,true,0,0
2026-07-25T01:04:46,4.21,0.0,0.0,15.08,44.0,true,0,0
2026-07-25T01:04:47,4.21,0.0,0.0,15.08,44.0,true,0,0
2026-07-25T01:04:47,4.21,0.0,0.0,15.08,44.0,true,0,0
2026-07-25T01:04:47,4.21,0.0,0.0,15.08,44.0,true,0,0
2026-07-25T01:04:47,4.21,0.0,0.0,15.08,44.0,true,0,0
2026-07-25T01:04:47,4.21,0.0,0.0,15.08,44.0,true,0,0
2026-07-25T01:04:47,4.21,0.0,0.0,15.08,44.0,true,0,0
2026-07-25T01:04:48,4.21,0.0,0.0,15.08,44.0,true,0,0
2026-07-25T01:04:48,4.21,0.0,0.0,15.08,44.0,true,0,0
2026-07-25T01:04:48,4.21,0.0,0.0,15.08,44.0,true,0,0
2026-07-25T01:04:48,4.21,0.0,0.0,15.08,44.0,true,0,0
2026-07-25T01:04:48,4.21,0.0,0.0,15.08,44.0,true,0,0
2026-07-25T01:04:48,4.21,0.0,0.0,15.08,44.0,true,0,0
2026-07-25T01:04:48,4.21,0.0,0.0,15.08,44.0,true,0,0
2026-07-25T01:04:49,4.21,0.0,0.0,15.08,44.0,true,0,0
2026-07-25T01:04:49,4.21,0.0,0.0,15.08,44.0,true,0,0
2026-07-25T01:04:49,4.21,0.0,0.0,15.08,44.0,true,0,0
2026-07-25T01:04:49,4.21,0.0,0.0,15.08,44.0,true,0,0
2026-07-25T01:04:49,4.21,0.0,0.0,15.08,44.0,true,0,0
2026-07-25T01:04:49,4.21,0.0,0.0,15.08,44.0,true,0,0
2026-07-25T01:04:50,4.21,0.0,0.0,15.08,44.0,true,0,0
2026-07-25T01:04:50,4.21,0.0,0.0,15.08,44.0,true,0,0
2026-07-25T01:04:50,4.21,0.0,0.0,15.08,44.0,true,0,0
2026-07-25T01:04:50,4.21,0.0,0.0,15.08,44.0,true,0,0
2026-07-25T01:04:50,4.21,0.0,0.0,15.08,44.0,true,0,0
2026-07-25T01:04:50,4.21,0.0,0.0,15.08,44.0,true,0,0
2026-07-25T01:04:50,4.21,0.0,0.0,15.08,44.0,true,0,0
2026-07-25T01:04:51,4.21,0.0,0.0,15.08,44.0,true,0,0
2026-07-25T01:04:51,4.21,0.0,0.0,15.08,44.0,true,0,0
2026-07-25T01:04:51,4.21,0.0,0.0,15.08,44.0,true,0,0
2026-07-25T01:04:51,4.21,0.0,0.0,15.08,44.0,true,0,0
2026-07-25T01:04:51,4.21,0.0,0.0,15.08,44.0,true,0,0
2026-07-25T01:04:51,4.21,0.0,0.0,15.08,44.0,true,0,0
2026-07-25T01:04:52,4.21,0.0,0.0,15.08,44.0,true,0,0
2026-07-25T01:04:52,4.21,0.0,0.0,15.08,44.0,true,0,0
2026-07-25T01:04:52,4.21,0.0,0.0,15.08,44.0,true,0,0
2026-07-25T01:04:52,4.21,0.0,0.0,15.08,44.0,true,0,0
2026-07-25T01:04:52,4.21,0.0,0.0,15.08,44.0,true,0,0
2026-07-25T01:04:52,4.21,0.0,0.0,15.08,44.0,true,0,0
2026-07-25T01:04:52,4.21,0.0,0.0,15.08,44.0,true,0,0
2026-07-25T01:04:53,4.21,0.0,0.0,15.08,44.0,true,0,0
2026-07-25T01:04:53,4.21,0.0,0.0,15.08,44.0,true,0,0
2026-07-25T01:04:53,4.21,0.0,0.0,15.08,44.0,true,0,0
2026-07-25T01:04:53,4.21,0.0,0.0,15.08,44.0,true,0,0
2026-07-25T01:04:53,4.21,0.0,0.0,15.08,44.0,true,0,0
2026-07-25T01:04:53,4.21,0.0,0.0,15.08,44.0,true,0,0
2026-07-25T01:04:54,4.21,0.0,0.0,15.08,44.0,true,0,0
2026-07-25T01:04:54,4.21,0.0,0.0,15.08,44.0,true,0,0
2026-07-25T01:04:54,4.21,0.0,0.0,15.08,44.0,true,0,0
2026-07-25T01:04:54,4.21,0.0,0.0,15.08,44.0,true,0,0
2026-07-25T01:04:54,4.21,0.0,0.0,15.08,44.0,true,0,0
2026-07-25T01:04:54,4.21,0.0,0.0,15.08,44.0,true,0,0
2026-07-25T01:04:55,4.21,0.0,0.0,15.08,44.0,true,0,0
2026-07-25T01:04:55,4.21,0.0,0.0,15.08,44.0,true,0,0
2026-07-25T01:04:55,4.21,0.0,0.0,15.08,44.0,true,0,0
2026-07-25T01:04:55,4.21,0.0,0.0,15.08,44.0,true,0,0
2026-07-25T01:04:55,4.21,0.0,0.0,15.08,44.0,true,0,0
2026-07-25T01:04:55,4.21,0.0,0.0,15.08,44.0,true,0,0
2026-07-25T01:04:55,4.21,0.0,0.0,15.08,44.0,true,0,0
2026-07-25T01:04:56,4.21,0.0,0.0,15.08,44.0,true,0,0
2026-07-25T01:04:56,4.21,0.0,0.0,15.08,44.0,true,0,0
2026-07-25T01:04:56,4.21,0.0,0.0,15.08,44.0,true,0,0
2026-07-25T01:04:56,4.21,0.0,0.0,15.08,44.0,true,0,0
2026-07-25T01:04:56,4.21,0.0,0.0,15.08,44.0,true,0,0
2026-07-25T01:04:56,4.21,0.0,0.0,15.08,44.0,true,0,0
2026-07-25T01:04:57,4.21,0.0,0.0,15.08,44.0,true,0,0
2026-07-25T01:04:57,4.21,0.0,0.0,15.08,44.0,true,0,0
2026-07-25T01:04:57,4.21,0.0,0.0,15.08,44.0,true,0,0
2026-07-25T01:04:57,4.21,0.0,0.0,15.08,44.0,true,0,0
2026-07-25T01:04:57,4.21,0.0,0.0,15.08,44.0,true,0,0
2026-07-25T01:04:57,4.21,0.0,0.0,15.08,44.0,true,0,0
2026-07-25T01:04:57,4.21,0.0,0.0,15.08,44.0,true,0,0
2026-07-25T01:04:58,4.21,0.0,0.0,15.08,44.0,true,0,0
2026-07-25T01:04:58,4.21,0.0,0.0,15.08,44.0,true,0,0
2026-07-25T01:04:58,4.21,0.0,0.0,15.08,44.0,true,0,0
2026-07-25T01:04:58,4.21,0.0,0.0,15.08,44.0,true,0,0
2026-07-25T01:04:58,4.21,0.0,0.0,15.08,44.0,true,0,0
2026-07-25T01:04:58,4.21,0.0,0.0,15.08,44.0,true,0,0
2026-07-25T01:04:59,4.21,0.0,0.0,15.08,44.0,true,0,0
2026-07-25T01:04:59,4.21,0.0,0.0,15.08,44.0,true,0,0
2026-07-25T01:04:59,4.21,0.0,0.0,15.08,44.0,true,0,0
2026-07-25T01:04:59,4.21,0.0,0.0,15.08,44.0,true,0,0
2026-07-25T01:04:59,4.21,0.0,0.0,15.08,44.0,true,0,0
2026-07-25T01:04:59,4.21,0.0,0.0,15.08,44.0,true,0,0
2026-07-25T01:04:59,4.21,0.0,0.0,15.08,44.0,true,0,0
2026-07-25T01:05:00,4.21,0.0,0.0,15.08,44.0,true,0,0
2026-07-25T01:05:00,4.21,0.0,0.0,15.08,44.0,true,0,0
2026-07-25T01:05:00,4.21,0.0,0.0,15.08,44.0,true,0,0
2026-07-25T01:05:00,4.21,0.0,0.0,15.08,44.0,true,0,0
2026-07-25T01:05:00,4.21,0.0,0.0,15.08,44.0,true,0,0
2026-07-25T01:05:00,4.21,0.0,0.0,15.08,44.0,true,0,0
2026-07-25T01:05:01,4.21,0.0,0.0,15.08,44.0,true,0,0
2026-07-25T01:05:01,4.21,0.0,0.0,15.08,44.0,true,0,0
2026-07-25T01:05:01,4.21,0.0,0.0,15.08,44.0,true,0,0
2026-07-25T01:05:01,4.21,0.0,0.0,15.08,44.0,true,0,0
2026-07-25T01:05:01,4.21,0.0,0.0,15.08,44.0,true,0,0
2026-07-25T01:05:01,4.21,0.0,0.0,15.08,45.0,true,0,0
2026-07-25T01:05:01,4.21,0.0,0.0,15.08,44.0,true,0,0
2026-07-25T01:05:02,4.21,0.0,0.0,15.08,44.0,true,0,0
2026-07-25T01:05:02,4.21,0.0,0.0,15.08,44.0,true,0,0
2026-07-25T01:05:02,4.21,0.0,0.0,15.08,44.0,true,0,0
2026-07-25T01:05:02,4.21,0.0,0.0,15.08,45.0,true,0,0
2026-07-25T01:05:02,4.21,0.0,0.0,15.08,45.0,true,0,0
2026-07-25T01:05:02,4.21,0.0,0.0,15.08,45.0,true,0,0
2026-07-25T01:05:03,4.21,0.0,0.0,15.08,45.0,true,0,0
2026-07-25T01:05:03,4.21,0.0,0.0,15.08,45.0,true,0,0
2026-07-25T01:05:03,4.21,0.0,0.0,15.08,45.0,true,0,0
2026-07-25T01:05:03,4.21,0.0,0.0,15.08,45.0,true,0,0
2026-07-25T01:05:03,4.21,0.0,0.0,15.08,45.0,true,0,0
2026-07-25T01:05:03,4.21,0.0,0.0,15.08,45.0,true,0,0
2026-07-25T01:05:03,4.21,0.0,0.0,15.08,45.0,true,0,0
2026-07-25T01:05:04,4.21,0.0,0.0,15.08,45.0,true,0,0
2026-07-25T01:05:04,4.21,0.0,0.0,15.08,45.0,true,0,0
2026-07-25T01:05:04,4.21,0.0,0.0,15.08,45.0,true,0,0
2026-07-25T01:05:04,4.21,0.0,0.0,15.08,45.0,true,0,0
2026-07-25T01:05:04,4.21,0.0,0.0,15.08,45.0,true,0,0
2026-07-25T01:05:04,4.21,0.0,0.0,15.08,45.0,true,0,0
2026-07-25T01:05:05,4.21,0.0,0.0,15.08,45.0,true,0,0
2026-07-25T01:05:05,4.21,0.0,0.0,15.08,45.0,true,0,0
2026-07-25T01:05:05,4.21,0.0,0.0,15.08,45.0,true,0,0
2026-07-25T01:05:05,4.21,0.0,0.0,15.08,45.0,true,0,0
2026-07-25T01:05:05,4.21,0.0,0.0,15.08,45.0,true,0,0
2026-07-25T01:05:05,4.21,0.0,0.0,15.08,45.0,true,0,0
2026-07-25T01:05:05,4.21,0.0,0.0,15.08,45.0,true,0,0
2026-07-25T01:05:06,4.21,0.0,0.0,15.08,45.0,true,0,0
2026-07-25T01:05:06,4.21,0.0,0.0,15.08,45.0,true,0,0
2026-07-25T01:05:06,4.21,0.0,0.0,15.08,45.0,true,0,0
2026-07-25T01:05:06,4.21,0.0,0.0,15.08,45.0,true,0,0
2026-07-25T01:05:06,4.21,0.0,0.0,15.08,45.0,true,0,0
2026-07-25T01:05:06,4.21,0.0,0.0,15.08,45.0,true,0,0
2026-07-25T01:05:07,4.21,0.0,0.0,15.08,45.0,true,0,0
2026-07-25T01:05:07,4.21,0.0,0.0,15.08,45.0,true,0,0
2026-07-25T01:05:07,4.21,0.0,0.0,15.08,45.0,true,0,0
2026-07-25T01:05:07,4.21,0.0,0.0,15.08,45.0,false,0,0
2026-07-25T01:05:07,4.16,0.0,0.0,15.08,45.0,false,0,0
2026-07-25T01:05:07,3.91,0.0,0.0,15.08,45.0,false,0,0
2026-07-25T01:05:08,3.46,0.0,0.0,15.08,45.0,false,0,0
2026-07-25T01:05:08,3.46,0.0,0.0,15.08,45.0,false,0,0
2026-07-25T01:05:08,3.46,0.0,0.0,15.08,45.0,false,0,0
2026-07-25T01:05:08,1.41,0.0,0.0,15.08,45.0,false,0,0
2026-07-25T01:05:08,0.31,0.0,0.0,15.09,45.0,true,0,0
2026-07-25T01:05:09,0.34,0.01,0.0,15.09,45.0,true,0,0
2026-07-25T01:05:09,0.34,0.01,0.0,15.09,45.0,true,0,0
2026-07-25T01:05:09,0.34,0.01,0.0,15.09,45.0,true,0,0
2026-07-25T01:05:09,2.38,0.01,0.01,15.08,45.0,true,0,0
2026-07-25T01:05:09,3.08,0.01,0.02,15.08,45.0,true,0,0
2026-07-25T01:05:09,3.78,0.01,0.02,15.08,45.0,true,0,0
2026-07-25T01:05:09,4.2,0.0,0.0,15.08,45.0,true,0,0
2026-07-25T01:05:10,4.2,0.0,0.0,15.08,45.0,true,0,0
2026-07-25T01:05:10,4.2,0.0,0.0,15.08,45.0,true,0,0
2026-07-25T01:05:10,4.21,0.0,0.0,15.08,45.0,true,0,0
2026-07-25T01:05:10,4.21,0.0,0.0,15.08,45.0,true,0,0
2026-07-25T01:05:10,4.21,0.0,0.0,15.08,45.0,true,0,0
2026-07-25T01:05:10,4.21,0.0,0.0,15.08,45.0,true,0,0
2026-07-25T01:05:11,4.21,0.0,0.0,15.08,45.0,true,0,0
2026-07-25T01:05:11,4.21,0.0,0.0,15.08,45.0,true,0,0
2026-07-25T01:05:11,4.21,0.0,0.0,15.08,45.0,true,0,0
2026-07-25T01:05:11,4.21,0.0,0.0,15.08,45.0,true,0,0
2026-07-25T01:05:11,4.17,0.0,0.0,15.08,45.0,true,0,0
2026-07-25T01:05:11,3.92,0.0,0.0,15.08,45.0,true,0,0
2026-07-25T01:05:12,3.92,0.0,0.0,15.08,45.0,true,0,0
2026-07-25T01:05:12,3.92,0.0,0.0,15.08,45.0,true,0,0
2026-07-25T01:05:12,2.41,0.0,0.0,15.08,45.0,true,0,0
2026-07-25T01:05:12,1.88,0.0,0.0,15.09,45.0,true,0,0
2026-07-25T01:05:12,1.39,0.0,0.0,15.09,45.0,true,0,0
2026-07-25T01:05:12,1.1,0.0,0.0,15.09,45.0,true,0,0
2026-07-25T01:05:13,1.02,0.0,0.0,15.09,45.0,true,0,0
2026-07-25T01:05:13,1.02,0.0,0.0,15.09,45.0,true,0,0
2026-07-25T01:05:13,1.02,0.0,0.0,15.09,45.0,true,0,0
2026-07-25T01:05:13,1.02,0.0,0.0,15.09,45.0,true,0,0
2026-07-25T01:05:13,1.02,0.0,0.0,15.09,45.0,true,0,0
2026-07-25T01:05:13,1.02,0.0,0.0,15.09,45.0,true,0,0
2026-07-25T01:05:14,1.02,0.0,0.0,15.09,45.0,true,0,0
2026-07-25T01:05:14,1.02,0.0,0.0,15.09,45.0,true,0,0
2026-07-25T01:05:14,1.02,0.0,0.0,15.09,45.0,true,0,0
2026-07-25T01:05:14,1.02,0.0,0.0,15.09,45.0,true,0,0
2026-07-25T01:05:14,1.02,0.0,0.0,15.09,45.0,true,0,0
2026-07-25T01:05:14,1.02,0.0,0.0,15.09,45.0,true,0,0
2026-07-25T01:05:15,1.02,0.0,0.0,15.09,45.0,true,0,0
2026-07-25T01:05:15,1.02,0.0,0.0,15.09,45.0,true,0,0
2026-07-25T01:05:15,1.02,0.0,0.0,15.09,45.0,true,0,0
2026-07-25T01:05:15,1.02,0.0,0.0,15.09,45.0,true,0,0
2026-07-25T01:05:15,1.02,0.0,0.0,15.09,45.0,true,0,0
2026-07-25T01:05:15,1.02,0.0,0.0,15.09,45.0,true,0,0
2026-07-25T01:05:16,1.02,0.0,0.0,15.09,45.0,true,0,0
2026-07-25T01:05:16,1.02,0.0,0.0,15.09,45.0,true,0,0
2026-07-25T01:05:16,1.02,0.0,0.0,15.09,45.0,true,0,0
2026-07-25T01:05:16,1.02,0.0,0.0,15.09,45.0,true,0,0
2026-07-25T01:05:16,1.02,0.0,0.0,15.09,45.0,true,0,0
2026-07-25T01:05:16,1.02,0.0,0.0,15.09,45.0,true,0,0
2026-07-25T01:05:16,1.02,0.0,0.0,15.09,45.0,true,0,0
2026-07-25T01:05:17,1.02,0.0,0.0,15.09,45.0,true,0,0
2026-07-25T01:05:17,1.02,0.0,0.0,15.09,45.0,true,0,0
2026-07-25T01:05:17,1.02,0.0,0.0,15.09,45.0,true,0,0
2026-07-25T01:05:17,1.01,0.0,0.0,15.09,45.0,true,0,0
2026-07-25T01:05:17,1.01,0.0,0.0,15.09,45.0,true,0,0
2026-07-25T01:05:17,1.01,0.0,0.0,15.09,45.0,true,0,0
2026-07-25T01:05:18,1.02,0.0,0.0,15.09,45.0,true,0,0
2026-07-25T01:05:18,1.02,0.0,0.0,15.09,45.0,true,0,0
2026-07-25T01:05:18,1.02,0.0,0.0,15.09,45.0,true,0,0
2026-07-25T01:05:18,4.63,0.01,0.06,15.08,45.0,true,0,0
2026-07-25T01:05:18,6.13,0.01,0.08,15.07,45.0,true,0,0
2026-07-25T01:05:18,7.63,0.01,0.1,15.07,45.0,true,0,0
2026-07-25T01:05:19,9.12,0.01,0.12,15.07,45.0,true,0,0
2026-07-25T01:05:19,9.12,0.01,0.12,15.07,45.0,true,0,0
2026-07-25T01:05:19,9.12,0.01,0.12,15.07,45.0,true,0,0
2026-07-25T01:05:19,10.0,0.0,0.0,15.07,45.0,true,0,0
2026-07-25T01:05:19,10.0,0.0,0.0,15.07,45.0,true,0,0
2026-07-25T01:05:19,10.0,0.0,0.0,15.07,45.0,true,0,0
2026-07-25T01:05:20,10.01,0.0,0.0,15.07,45.0,true,0,0
2026-07-25T01:05:20,10.01,0.0,0.0,15.07,45.0,true,0,0
2026-07-25T01:05:20,10.01,0.0,0.0,15.07,45.0,true,0,0
2026-07-25T01:05:20,10.01,0.0,0.0,15.07,45.0,true,0,0
2026-07-25T01:05:20,10.01,0.0,0.0,15.07,45.0,true,0,0
2026-07-25T01:05:20,10.01,0.0,0.0,15.07,45.0,true,0,0
2026-07-25T01:05:20,10.01,0.0,0.0,15.07,45.0,true,0,0
2026-07-25T01:05:21,10.01,0.0,0.0,15.07,45.0,true,0,0
2026-07-25T01:05:21,10.01,0.0,0.0,15.07,45.0,true,0,0
2026-07-25T01:05:21,10.01,0.0,0.0,15.07,45.0,true,0,0
2026-07-25T01:05:21,10.01,0.0,0.0,15.07,45.0,true,0,0
2026-07-25T01:05:21,9.96,0.0,0.0,15.07,45.0,true,0,0
2026-07-25T01:05:22,9.71,0.0,0.0,15.07,45.0,true,0,0
2026-07-25T01:05:22,9.71,0.0,0.0,15.07,45.0,true,0,0
2026-07-25T01:05:22,9.71,0.0,0.0,15.07,45.0,true,0,0
2026-07-25T01:05:22,7.75,0.0,0.0,15.07,45.0,true,0,0
2026-07-25T01:05:22,6.71,0.0,0.0,15.08,45.0,true,0,0
2026-07-25T01:05:22,5.51,0.0,0.0,15.08,45.0,true,0,0
2026-07-25T01:05:22,4.43,0.0,0.0,15.08,45.0,true,0,0
2026-07-25T01:05:23,3.56,0.0,0.0,15.08,45.0,true,0,0
2026-07-25T01:05:23,3.56,0.0,0.0,15.08,45.0,true,0,0
2026-07-25T01:05:23,3.56,0.0,0.0,15.08,45.0,true,0,0
2026-07-25T01:05:23,2.1,0.0,0.0,15.09,45.0,true,0,0
2026-07-25T01:05:23,2.01,0.0,0.0,15.09,45.0,true,0,0
2026-07-25T01:05:23,2.01,0.0,0.0,15.09,45.0,true,0,0
2026-07-25T01:05:24,2.01,0.0,0.0,15.09,45.0,true,0,0
2026-07-25T01:05:24,2.01,0.0,0.0,15.09,45.0,true,0,0
2026-07-25T01:05:24,2.01,0.0,0.0,15.09,45.0,true,0,0
2026-07-25T01:05:24,2.01,0.0,0.0,15.09,45.0,true,0,0
2026-07-25T01:05:24,2.01,0.0,0.0,15.09,45.0,true,0,0
2026-07-25T01:05:24,2.01,0.0,0.0,15.09,45.0,true,0,0
2026-07-25T01:05:24,2.01,0.0,0.0,15.09,45.0,true,0,0
2026-07-25T01:05:25,2.01,0.0,0.0,15.09,45.0,true,0,0
2026-07-25T01:05:25,2.01,0.0,0.0,15.09,45.0,true,0,0
2026-07-25T01:05:25,2.01,0.0,0.0,15.09,45.0,true,0,0
2026-07-25T01:05:25,2.01,0.0,0.0,15.09,45.0,true,0,0
2026-07-25T01:05:25,2.01,0.0,0.0,15.09,45.0,true,0,0
2026-07-25T01:05:25,2.01,0.0,0.0,15.09,45.0,true,0,0
2026-07-25T01:05:26,2.01,0.0,0.0,15.09,45.0,true,0,0
2026-07-25T01:05:26,2.01,0.0,0.0,15.09,45.0,true,0,0
2026-07-25T01:05:26,2.01,0.0,0.0,15.09,45.0,true,0,0
2026-07-25T01:05:26,1.82,0.0,0.0,15.09,45.0,true,0,0
2026-07-25T01:05:26,1.66,0.0,0.0,15.09,45.0,true,0,0
2026-07-25T01:05:26,1.49,0.0,0.0,15.09,45.0,true,0,0
2026-07-25T01:05:27,1.49,0.0,0.0,15.09,45.0,true,0,0
2026-07-25T01:05:27,1.49,0.0,0.0,15.09,45.0,true,0,0
2026-07-25T01:05:27,1.01,0.0,0.0,15.09,45.0,true,0,0
2026-07-25T01:05:27,1.02,0.0,0.0,15.09,45.0,true,0,0
2026-07-25T01:05:27,1.02,0.0,0.0,15.09,45.0,true,0,0
2026-07-25T01:05:27,1.02,0.0,0.0,15.09,45.0,true,0,0
2026-07-25T01:05:28,1.02,0.0,0.0,15.09,45.0,true,0,0
2026-07-25T01:05:28,1.02,0.0,0.0,15.09,45.0,true,0,0
2026-07-25T01:05:28,1.02,0.0,0.0,15.09,45.0,true,0,0
2026-07-25T01:05:28,1.02,0.0,0.0,15.09,45.0,true,0,0
2026-07-25T01:05:28,1.02,0.0,0.0,15.09,45.0,true,0,0
2026-07-25T01:05:28,1.02,0.0,0.0,15.09,45.0,true,0,0
2026-07-25T01:05:28,1.02,0.0,0.0,15.09,45.0,true,0,0
2026-07-25T01:05:29,1.02,0.0,0.0,15.09,45.0,true,0,0
2026-07-25T01:05:29,1.02,0.0,0.0,15.09,45.0,true,0,0
2026-07-25T01:05:29,1.02,0.0,0.0,15.09,45.0,true,0,0
2026-07-25T01:05:29,1.02,0.0,0.0,15.09,45.0,true,0,0
2026-07-25T01:05:29,1.02,0.0,0.0,15.09,45.0,true,0,0
2026-07-25T01:05:29,1.02,0.0,0.0,15.09,45.0,true,0,0
2026-07-25T01:05:30,1.02,0.0,0.0,15.09,45.0,true,0,0
2026-07-25T01:05:30,1.02,0.0,0.0,15.09,45.0,true,0,0
2026-07-25T01:05:30,1.02,0.0,0.0,15.09,45.0,true,0,0
2026-07-25T01:05:30,1.02,0.0,0.0,15.09,45.0,true,0,0
2026-07-25T01:05:30,1.02,0.0,0.0,15.09,45.0,true,0,0
2026-07-25T01:05:30,1.01,0.0,0.0,15.09,45.0,true,0,0
2026-07-25T01:05:30,1.01,0.0,0.0,15.09,45.0,true,0,0
2026-07-25T01:05:31,1.01,0.0,0.0,15.09,45.0,true,0,0
2026-07-25T01:05:31,1.01,0.0,0.0,15.09,45.0,true,0,0
2026-07-25T01:05:31,1.01,0.0,0.0,15.09,45.0,true,0,0
2026-07-25T01:05:31,1.01,0.0,0.0,15.09,45.0,true,0,0
2026-07-25T01:05:31,1.02,0.0,0.0,15.09,45.0,true,0,0
2026-07-25T01:05:31,1.02,0.0,0.0,15.09,45.0,true,0,0
2026-07-25T01:05:32,1.02,0.0,0.0,15.09,45.0,true,0,0
2026-07-25T01:05:32,1.02,0.0,0.0,15.09,45.0,true,0,0
2026-07-25T01:05:32,1.02,0.0,0.0,15.09,45.0,true,0,0
2026-07-25T01:05:32,1.01,0.0,0.0,15.09,45.0,true,0,0
2026-07-25T01:05:32,1.01,0.0,0.0,15.09,45.0,true,0,0
2026-07-25T01:05:32,1.01,0.0,0.0,15.09,45.0,true,0,0
2026-07-25T01:05:32,1.01,0.0,0.0,15.09,45.0,true,0,0
2026-07-25T01:05:33,1.01,0.0,0.0,15.09,45.0,true,0,0
2026-07-25T01:05:33,1.01,0.0,0.0,15.09,45.0,true,0,0
2026-07-25T01:05:33,1.02,0.0,0.0,15.09,45.0,true,0,0
2026-07-25T01:05:33,1.02,0.0,0.0,15.09,45.0,true,0,0
2026-07-25T01:05:33,1.02,0.0,0.0,15.09,45.0,true,0,0
2026-07-25T01:05:33,1.02,0.0,0.0,15.09,45.0,true,0,0
2026-07-25T01:05:34,1.02,0.0,0.0,15.09,45.0,true,0,0
2026-07-25T01:05:34,1.02,0.0,0.0,15.09,45.0,true,0,0
2026-07-25T01:05:34,1.02,0.0,0.0,15.09,45.0,true,0,0
2026-07-25T01:05:34,1.01,0.0,0.0,15.09,45.0,true,0,0
2026-07-25T01:05:34,1.01,0.0,0.0,15.09,45.0,true,0,0
2026-07-25T01:05:34,1.01,0.0,0.0,15.09,45.0,true,0,0
2026-07-25T01:05:35,1.01,0.0,0.0,15.09,45.0,true,0,0
2026-07-25T01:05:35,1.01,0.0,0.0,15.09,45.0,true,0,0
2026-07-25T01:05:35,1.01,0.0,0.0,15.09,45.0,true,0,0
2026-07-25T01:05:35,1.01,0.0,0.0,15.09,45.0,true,0,0
2026-07-25T01:05:35,1.01,0.0,0.0,15.09,45.0,true,0,0
2026-07-25T01:05:35,1.01,0.0,0.0,15.09,45.0,true,0,0
2026-07-25T01:05:35,1.01,0.0,0.0,15.09,45.0,true,0,0
2026-07-25T01:05:36,1.01,0.0,0.0,15.09,45.0,true,0,0
2026-07-25T01:05:36,1.01,0.0,0.0,15.09,45.0,true,0,0
2026-07-25T01:05:36,1.01,0.0,0.0,15.09,45.0,true,0,0
2026-07-25T01:05:36,1.01,0.0,0.0,15.09,45.0,true,0,0
2026-07-25T01:05:36,1.01,0.0,0.0,15.09,45.0,true,0,0
2026-07-25T01:05:36,1.01,0.0,0.0,15.09,45.0,true,0,0
2026-07-25T01:05:37,1.01,0.0,0.0,15.09,45.0,true,0,0
2026-07-25T01:05:37,1.01,0.0,0.0,15.09,45.0,true,0,0
2026-07-25T01:05:37,1.01,0.0,0.0,15.09,45.0,true,0,0
2026-07-25T01:05:37,1.02,0.0,0.0,15.09,45.0,true,0,0
2026-07-25T01:05:37,1.02,0.0,0.0,15.09,45.0,true,0,0
2026-07-25T01:05:37,1.02,0.0,0.0,15.09,45.0,true,0,0
2026-07-25T01:05:37,1.02,0.0,0.0,15.09,45.0,true,0,0
2026-07-25T01:05:38,1.02,0.0,0.0,15.09,45.0,true,0,0
2026-07-25T01:05:38,1.02,0.0,0.0,15.09,45.0,true,0,0
2026-07-25T01:05:38,1.02,0.0,0.0,15.09,45.0,true,0,0
2026-07-25T01:05:38,1.02,0.0,0.0,15.09,45.0,true,0,0
2026-07-25T01:05:38,1.02,0.0,0.0,15.09,45.0,true,0,0
2026-07-25T01:05:38,1.02,0.0,0.0,15.09,45.0,true,0,0
2026-07-25T01:05:39,1.02,0.0,0.0,15.09,45.0,true,0,0
2026-07-25T01:05:39,1.02,0.0,0.0,15.09,45.0,true,0,0
2026-07-25T01:05:39,1.02,0.0,0.0,15.09,45.0,true,0,0
2026-07-25T01:05:39,1.02,0.0,0.0,15.09,45.0,true,0,0
2026-07-25T01:05:39,1.02,0.0,0.0,15.09,45.0,true,0,0
2026-07-25T01:05:39,1.02,0.0,0.0,15.09,45.0,true,0,0
2026-07-25T01:05:39,1.01,0.0,0.0,15.08,45.0,true,0,0
2026-07-25T01:05:40,1.01,0.0,0.0,15.08,45.0,true,0,0
2026-07-25T01:05:40,1.01,0.0,0.0,15.08,45.0,true,0,0
2026-07-25T01:05:40,1.01,0.0,0.0,15.08,45.0,true,0,0
2026-07-25T01:05:40,1.01,0.0,0.0,15.08,45.0,true,0,0
2026-07-25T01:05:40,1.01,0.0,0.0,15.08,45.0,true,0,0
2026-07-25T01:05:40,1.01,0.0,0.0,15.08,45.0,true,0,0
2026-07-25T01:05:41,1.01,0.0,0.0,15.08,45.0,true,0,0
2026-07-25T01:05:41,1.01,0.0,0.0,15.08,45.0,true,0,0
2026-07-25T01:05:41,1.01,0.0,0.0,15.08,45.0,true,0,0
2026-07-25T01:05:41,1.01,0.0,0.0,15.09,45.0,true,0,0
2026-07-25T01:05:41,1.01,0.0,0.0,15.09,45.0,true,0,0
2026-07-25T01:05:41,1.02,0.0,0.0,15.09,45.0,true,0,0
2026-07-25T01:05:41,1.02,0.0,0.0,15.09,45.0,true,0,0
2026-07-25T01:05:42,1.02,0.0,0.0,15.09,45.0,true,0,0
2026-07-25T01:05:42,1.02,0.0,0.0,15.09,45.0,true,0,0
2026-07-25T01:05:42,1.01,0.0,0.0,15.09,45.0,true,0,0
2026-07-25T01:05:42,1.01,0.0,0.0,15.09,45.0,true,0,0
2026-07-25T01:05:42,1.01,0.0,0.0,15.09,45.0,true,0,0
2026-07-25T01:05:42,1.01,0.0,0.0,15.09,45.0,true,0,0
2026-07-25T01:05:43,1.01,0.0,0.0,15.09,45.0,true,0,0
2026-07-25T01:05:43,1.01,0.0,0.0,15.09,45.0,true,0,0
2026-07-25T01:05:43,1.01,0.0,0.0,15.09,45.0,true,0,0
2026-07-25T01:05:43,1.01,0.0,0.0,15.09,45.0,true,0,0
2026-07-25T01:05:43,1.01,0.0,0.0,15.09,45.0,true,0,0
2026-07-25T01:05:43,1.01,0.0,0.0,15.09,45.0,true,0,0
2026-07-25T01:05:43,1.01,0.0,0.0,15.09,45.0,true,0,0
2026-07-25T01:05:44,1.01,0.0,0.0,15.09,45.0,true,0,0
2026-07-25T01:05:44,1.01,0.0,0.0,15.09,45.0,true,0,0
2026-07-25T01:05:44,1.01,0.0,0.0,15.09,45.0,true,0,0
2026-07-25T01:05:44,1.01,0.0,0.0,15.09,45.0,true,0,0
2026-07-25T01:05:44,1.01,0.0,0.0,15.09,45.0,true,0,0
2026-07-25T01:05:44,1.01,0.0,0.0,15.09,45.0,true,0,0
2026-07-25T01:05:45,1.01,0.0,0.0,15.09,45.0,true,0,0
2026-07-25T01:05:45,1.01,0.0,0.0,15.09,45.0,true,0,0
2026-07-25T01:05:45,1.01,0.0,0.0,15.09,45.0,true,0,0
2026-07-25T01:05:45,1.01,0.0,0.0,15.09,45.0,true,0,0
2026-07-25T01:05:45,1.01,0.0,0.0,15.09,45.0,true,0,0
2026-07-25T01:05:45,1.01,0.0,0.0,15.09,45.0,true,0,0
2026-07-25T01:05:45,1.01,0.0,0.0,15.09,45.0,true,0,0
2026-07-25T01:05:46,1.01,0.0,0.0,15.09,45.0,true,0,0
2026-07-25T01:05:46,1.01,0.0,0.0,15.09,45.0,true,0,0
2026-07-25T01:05:46,1.02,0.0,0.0,15.09,45.0,true,0,0
2026-07-25T01:05:46,1.02,0.0,0.0,15.09,45.0,true,0,0
2026-07-25T01:05:46,1.01,0.0,0.0,15.09,45.0,true,0,0
2026-07-25T01:05:46,1.01,0.0,0.0,15.09,45.0,true,0,0
2026-07-25T01:05:47,1.01,0.0,0.0,15.09,45.0,true,0,0
2026-07-25T01:05:47,1.01,0.0,0.0,15.09,45.0,true,0,0
2026-07-25T01:05:47,1.01,0.0,0.0,15.09,45.0,true,0,0
2026-07-25T01:05:47,1.01,0.0,0.0,15.09,45.0,true,0,0
2026-07-25T01:05:47,1.01,0.0,0.0,15.09,45.0,true,0,0
2026-07-25T01:05:47,1.01,0.0,0.0,15.09,45.0,true,0,0
2026-07-25T01:05:48,1.01,0.0,0.0,15.09,45.0,true,0,0
2026-07-25T01:05:48,1.01,0.0,0.0,15.09,45.0,true,0,0
2026-07-25T01:05:48,1.01,0.0,0.0,15.09,45.0,true,0,0
2026-07-25T01:05:48,1.01,0.0,0.0,15.08,45.0,true,0,0
2026-07-25T01:05:48,1.01,0.0,0.0,15.08,45.0,true,0,0
2026-07-25T01:05:48,1.01,0.0,0.0,15.08,45.0,true,0,0
2026-07-25T01:05:48,1.01,0.0,0.0,15.08,45.0,true,0,0
2026-07-25T01:05:49,1.01,0.0,0.0,15.08,45.0,true,0,0
2026-07-25T01:05:49,1.01,0.0,0.0,15.08,45.0,true,0,0
2026-07-25T01:05:49,1.01,0.0,0.0,15.08,45.0,true,0,0
2026-07-25T01:05:49,1.01,0.0,0.0,15.09,45.0,true,0,0
2026-07-25T01:05:49,1.02,0.0,0.0,15.09,45.0,true,0,0
2026-07-25T01:05:49,1.01,0.0,0.0,15.09,45.0,true,0,0
2026-07-25T01:05:50,1.01,0.0,0.0,15.09,45.0,true,0,0
2026-07-25T01:05:50,1.01,0.0,0.0,15.09,45.0,true,0,0
2026-07-25T01:05:50,1.01,0.0,0.0,15.09,45.0,true,0,0
2026-07-25T01:05:50,1.01,0.0,0.0,15.09,45.0,true,0,0
2026-07-25T01:05:50,1.01,0.0,0.0,15.09,45.0,true,0,0
2026-07-25T01:05:50,1.02,0.0,0.0,15.09,45.0,true,0,0
2026-07-25T01:05:50,1.02,0.0,0.0,15.09,45.0,true,0,0
2026-07-25T01:05:51,1.02,0.0,0.0,15.09,45.0,true,0,0
2026-07-25T01:05:51,1.02,0.0,0.0,15.09,45.0,true,0,0
2026-07-25T01:05:51,1.02,0.0,0.0,15.09,45.0,true,0,0
2026-07-25T01:05:51,1.02,0.0,0.0,15.09,45.0,true,0,0
2026-07-25T01:05:51,1.02,0.0,0.0,15.09,45.0,true,0,0
2026-07-25T01:05:51,1.01,0.0,0.0,15.09,45.0,true,0,0
2026-07-25T01:05:52,1.01,0.0,0.0,15.09,45.0,true,0,0
